,Number_of_Priors,score_factor,Age_Above_FourtyFive,Age_Below_TwentyFive,African_American,Asian,Hispanic,Native_American,Other,Female,Misdemeanor,predicted_class,true_class,errors
4590,0,1,0,1,1,0,0,0,0,0,1,0,1,1
2482,6,1,0,1,0,0,0,0,0,0,0,1,0,1
4092,0,0,1,0,0,0,0,0,1,1,0,0,1,1
165,0,0,0,1,1,0,0,0,0,0,0,0,1,1
1109,11,1,0,0,0,0,1,0,0,0,1,1,0,1
5933,20,1,0,0,1,0,0,0,0,0,0,1,1,0
4455,5,1,0,1,0,0,0,0,0,0,1,1,1,0
4183,13,1,0,0,1,0,0,0,0,0,1,1,1,0
2075,0,0,0,0,0,0,0,0,0,0,0,0,1,1
5380,2,1,1,0,1,0,0,0,0,0,1,0,0,0
423,20,0,1,0,0,0,1,0,0,0,0,1,0,1
4649,6,1,0,0,0,0,1,0,0,0,0,1,1,0
142,0,1,0,0,0,0,0,0,0,0,0,1,0,1
4595,0,0,0,0,1,0,0,0,0,0,0,0,1,1
2007,3,1,0,1,0,0,0,0,0,0,1,1,1,0
3641,1,0,0,0,0,0,1,0,0,0,0,0,1,1
5400,6,1,0,0,1,0,0,0,0,0,0,1,1,0
2471,2,0,0,0,0,0,1,0,0,0,1,0,1,1
2225,0,1,0,0,1,0,0,0,0,0,1,0,1,1
159,3,0,1,0,1,0,0,0,0,0,0,0,0,0
4373,6,1,0,0,0,0,0,0,0,1,1,0,1,1
2245,1,0,1,0,0,0,0,0,0,0,0,0,0,0
215,0,0,0,0,0,0,1,0,0,1,1,0,0,0
4893,0,1,0,1,0,0,0,0,1,0,0,1,0,1
82,2,0,0,0,0,0,0,0,0,0,0,0,1,1
3726,1,1,0,1,1,0,0,0,0,0,0,1,1,0
2325,0,0,1,0,1,0,0,0,0,0,1,0,1,1
1312,1,0,1,0,0,0,0,0,0,0,0,0,0,0
4017,0,0,0,1,0,0,1,0,0,0,1,0,0,0
1682,1,0,0,0,1,0,0,0,0,0,0,0,0,0
5171,0,0,0,0,0,0,0,0,0,0,1,0,0,0
3725,4,1,0,0,0,0,0,0,0,1,0,1,0,1
2033,1,1,0,1,1,0,0,0,0,0,0,1,1,0
3063,5,0,0,0,0,0,0,0,0,0,0,0,0,0
2123,1,0,0,0,0,0,0,0,0,0,0,0,0,0
2023,16,1,0,0,0,0,0,0,0,0,1,1,0,1
1779,0,0,0,1,1,0,0,0,0,0,0,0,0,0
6077,2,0,0,0,1,0,0,0,0,1,0,0,1,1
2146,0,0,1,0,0,0,0,0,0,1,1,0,0,0
1859,3,0,0,0,0,0,0,0,0,0,0,0,1,1
5340,0,0,0,0,0,0,0,0,0,1,1,0,0,0
2993,0,0,1,0,1,0,0,0,0,0,1,0,0,0
1317,0,0,0,1,1,0,0,0,0,0,1,1,0,1
4416,3,0,0,0,1,0,0,0,0,0,1,1,1,0
5622,9,0,0,0,1,0,0,0,0,0,1,1,1,0
171,4,0,0,0,0,0,0,0,0,0,1,1,0,1
3922,20,0,1,0,1,0,0,0,0,0,1,0,1,1
194,2,1,0,1,1,0,0,0,0,0,0,1,0,1
5704,25,1,1,0,1,0,0,0,0,1,0,1,1,0
3195,2,0,0,0,0,0,0,0,1,0,1,0,1,1
5342,2,1,0,0,1,0,0,0,0,0,0,1,1,0
1696,7,1,0,0,0,0,0,0,0,0,0,1,1,0
4405,1,0,0,0,1,0,0,0,0,0,0,0,0,0
348,2,0,1,0,0,0,0,0,0,1,1,0,0,0
1825,0,0,1,0,0,0,0,0,0,0,1,0,0,0
6106,5,1,0,0,0,0,0,0,0,0,1,1,0,1
2745,4,0,1,0,0,0,0,0,1,0,0,0,0,0
1641,0,0,0,0,1,0,0,0,0,0,0,0,0,0
5876,2,0,0,0,0,0,0,0,0,0,1,0,0,0
1899,13,1,0,0,1,0,0,0,0,0,0,1,0,1
2421,5,0,1,0,1,0,0,0,0,0,0,0,0,0
3932,0,0,0,0,1,0,0,0,0,0,1,0,1,1
2064,1,1,0,1,1,0,0,0,0,0,0,1,0,1
4769,0,0,0,1,0,0,0,0,0,0,1,0,1,1
4578,1,1,0,1,1,0,0,0,0,0,1,1,1,0
3353,0,0,0,1,0,0,0,0,0,1,1,0,0,0
3114,1,0,1,0,0,0,0,0,1,0,1,0,0,0
1309,6,0,1,0,0,0,0,0,0,0,0,0,1,1
4496,2,1,0,0,1,0,0,0,0,0,0,1,0,1
2806,5,1,0,0,0,0,0,0,0,1,0,1,0,1
5840,2,0,1,0,1,0,0,0,0,0,0,0,0,0
1925,0,1,0,0,0,0,0,0,0,0,1,1,1,0
4567,1,0,1,0,1,0,0,0,0,0,0,0,0,0
4402,2,1,0,1,1,0,0,0,0,0,0,1,1,0
3525,0,0,0,1,1,0,0,0,0,0,1,1,0,1
550,0,1,0,0,1,0,0,0,0,0,0,0,1,1
5954,4,0,0,0,1,0,0,0,0,0,0,0,1,1
1203,1,1,0,1,1,0,0,0,0,0,0,1,0,1
2543,24,1,0,0,1,0,0,0,0,0,1,1,1,0
4946,1,0,0,0,0,0,1,0,0,0,0,0,0,0
1876,15,1,0,0,1,0,0,0,0,0,0,1,1,0
140,1,0,0,1,1,0,0,0,0,0,0,1,0,1
3882,1,1,0,0,1,0,0,0,0,0,1,0,1,1
2117,16,1,0,0,1,0,0,0,0,0,0,1,1,0
2975,5,0,0,0,0,0,0,0,0,0,0,0,1,1
237,3,1,1,0,1,0,0,0,0,0,0,0,1,1
4211,1,0,0,0,0,0,0,0,0,0,1,0,0,0
4952,1,1,0,1,0,0,1,0,0,1,0,0,0,0
2591,1,0,0,0,0,0,0,0,0,1,1,0,0,0
4795,1,0,0,0,1,0,0,0,0,0,0,0,0,0
366,1,1,0,1,0,0,0,0,0,0,0,1,1,0
453,0,0,0,0,0,0,0,0,0,0,0,0,0,0
1385,0,1,0,1,0,0,1,0,0,0,0,0,0,0
3420,0,0,0,0,1,0,0,0,0,0,1,0,1,1
2252,2,0,0,0,0,0,0,0,1,0,0,0,1,1
2327,4,0,0,0,0,0,0,0,0,1,0,1,0,1
2119,1,0,0,1,0,0,0,0,0,0,1,0,0,0
5567,0,0,0,0,0,0,0,0,0,0,0,0,1,1
2082,4,1,0,1,1,0,0,0,0,0,0,1,1,0
1841,3,0,0,0,1,0,0,0,0,0,0,1,0,1
1422,13,1,0,0,0,0,0,0,0,0,0,1,1,0
5553,5,1,0,0,1,0,0,0,0,0,0,1,1,0
3022,0,0,0,0,0,0,0,0,0,0,1,0,0,0
254,0,0,1,0,0,0,0,0,0,0,0,0,0,0
3757,0,0,0,0,1,0,0,0,0,1,1,0,0,0
1929,1,0,0,0,0,0,0,0,0,0,1,0,0,0
5279,3,0,0,1,1,0,0,0,0,0,1,1,1,0
5201,4,0,1,0,0,0,0,0,0,1,0,0,0,0
4852,1,0,1,0,0,0,0,0,0,0,1,0,0,0
3376,2,1,0,1,0,0,0,0,0,0,0,1,1,0
3679,0,0,0,0,0,0,0,0,1,0,0,0,1,1
2717,0,0,0,0,0,0,0,0,0,0,1,0,0,0
441,4,1,1,0,1,0,0,0,0,0,1,1,0,1
5084,8,0,0,1,0,0,0,0,0,0,0,1,1,0
229,0,0,1,0,1,0,0,0,0,1,0,0,0,0
3830,0,0,0,0,1,0,0,0,0,0,0,0,1,1
99,10,1,0,0,1,0,0,0,0,0,0,1,1,0
1529,0,0,0,1,0,1,0,0,0,0,1,0,0,0
1160,2,0,0,0,1,0,0,0,0,0,0,0,1,1
1610,2,0,0,0,1,0,0,0,0,0,1,0,1,1
4691,2,0,0,0,1,0,0,0,0,0,0,0,0,0
278,1,1,0,0,0,0,0,0,0,0,0,0,0,0
2247,0,1,0,0,0,0,0,0,0,0,0,1,0,1
2630,3,0,1,0,1,0,0,0,0,0,1,0,1,1
2901,0,0,0,0,0,0,0,0,0,0,0,0,0,0
5768,2,0,1,0,0,0,0,0,0,0,0,0,1,1
1631,2,0,0,0,0,0,0,0,0,0,0,0,1,1
2424,8,1,0,0,0,0,0,0,1,0,0,1,1,0
13,0,0,0,0,0,0,1,0,0,0,1,0,0,0
3861,3,0,0,0,0,0,0,0,0,0,1,0,1,1
1516,0,0,0,0,1,0,0,0,0,0,0,0,1,1
1205,3,0,0,0,1,0,0,0,0,0,0,1,1,0
1351,8,0,1,0,1,0,0,0,0,0,0,0,1,1
650,6,1,0,0,1,0,0,0,0,0,0,1,0,1
1271,1,0,1,0,0,0,0,0,0,0,1,0,0,0
3769,0,0,0,0,0,0,1,0,0,1,0,0,0,0
1658,0,1,0,0,1,0,0,0,0,0,0,0,1,1
5855,1,0,1,0,0,0,0,0,0,0,0,0,0,0
4671,6,1,0,0,0,0,0,0,0,1,0,1,0,1
4754,1,0,0,1,0,0,1,0,0,0,0,1,1,0
799,5,1,0,0,1,0,0,0,0,0,0,1,1,0
2943,0,0,0,1,0,0,1,0,0,0,1,0,0,0
2605,5,1,1,0,0,0,0,0,0,0,0,1,1,0
5956,6,1,0,1,0,0,0,0,1,0,0,1,1,0
4176,1,0,0,0,1,0,0,0,0,1,1,0,0,0
5074,0,1,1,0,0,0,0,0,0,0,0,1,0,1
1434,14,1,1,0,1,0,0,0,0,0,0,1,1,0
3277,0,0,0,0,1,0,0,0,0,0,0,0,1,1
517,5,1,0,0,1,0,0,0,0,0,1,1,1,0
1028,0,0,0,0,0,0,0,0,0,0,0,0,0,0
2524,1,0,0,1,0,0,0,0,1,0,0,0,1,1
4591,5,0,0,0,1,0,0,0,0,0,1,0,0,0
4513,0,0,0,0,0,0,0,0,0,0,1,0,0,0
2457,6,1,0,0,1,0,0,0,0,0,0,1,0,1
1357,3,1,0,0,0,0,0,0,1,0,0,0,0,0
1248,1,1,0,1,1,0,0,0,0,1,0,1,0,1
1576,0,1,0,1,1,0,0,0,0,0,0,1,1,0
5154,9,1,0,0,1,0,0,0,0,0,1,1,0,1
2840,0,0,1,0,0,0,0,0,0,0,1,0,0,0
586,2,1,1,0,0,0,0,0,0,0,0,1,1,0
4082,20,1,0,0,1,0,0,0,0,0,0,1,1,0
5100,2,0,1,0,0,0,0,0,0,0,1,0,1,1
5596,2,1,0,0,1,0,0,0,0,1,0,1,1,0
501,0,1,0,1,0,0,0,0,0,1,0,0,0,0
4330,0,1,0,0,1,0,0,0,0,0,0,0,0,0
3969,1,1,0,0,0,0,1,0,0,0,1,0,0,0
795,1,0,0,0,0,0,0,0,0,1,1,0,0,0
1905,0,0,0,1,0,0,0,0,0,1,0,0,1,1
3731,2,0,0,0,0,0,0,0,0,0,0,0,1,1
4166,5,1,0,0,1,0,0,0,0,0,0,1,0,1
1475,15,1,1,0,1,0,0,0,0,0,0,1,1,0
2620,0,1,0,0,0,0,0,0,0,0,1,1,1,0
3105,5,1,0,0,1,0,0,0,0,0,1,1,0,1
251,2,0,1,0,0,0,0,0,0,0,0,0,0,0
2239,12,1,0,0,1,0,0,0,0,0,1,1,1,0
34,0,0,0,0,0,0,0,0,0,0,1,0,0,0
4090,24,1,0,0,1,0,0,0,0,0,0,1,1,0
2319,0,0,1,0,1,0,0,0,0,0,0,0,0,0
2747,9,1,0,0,1,0,0,0,0,0,0,1,1,0
3121,13,1,1,0,1,0,0,0,0,0,0,1,0,1
4318,1,0,1,0,0,0,0,0,1,0,0,0,0,0
1075,0,0,0,1,1,0,0,0,0,0,0,0,1,1
4962,5,0,0,0,0,0,1,0,0,0,0,0,0,0
4664,8,1,0,0,1,0,0,0,0,0,0,1,0,1
4624,3,0,0,0,1,0,0,0,0,0,1,1,1,0
5197,15,1,0,0,0,0,0,0,0,0,0,1,1,0
1265,0,0,0,0,0,0,0,0,0,0,1,0,0,0
6035,0,0,0,0,1,0,0,0,0,0,0,0,0,0
1210,0,0,0,0,1,0,0,0,0,0,1,0,0,0
5116,1,0,1,0,0,0,0,0,0,0,1,0,1,1
3350,4,0,0,0,1,0,0,0,0,0,1,1,0,1
428,4,0,1,0,0,0,0,0,0,0,1,0,0,0
3627,0,0,1,0,0,0,0,0,0,1,0,0,0,0
3562,7,1,0,0,1,0,0,0,0,0,1,1,1,0
4961,26,1,0,0,0,0,1,0,0,0,0,0,1,1
3964,0,0,1,0,0,0,0,0,0,1,1,0,0,0
3406,4,1,0,0,1,0,0,0,0,0,0,1,1,0
5888,17,1,0,0,1,0,0,0,0,0,0,1,1,0
4542,0,0,1,0,0,0,0,0,0,0,1,0,1,1
5812,0,1,0,1,0,0,0,0,0,0,1,1,1,0
4856,5,0,0,0,1,0,0,0,0,1,0,0,0,0
3522,0,1,0,1,1,0,0,0,0,1,1,0,0,0
6051,2,1,0,0,1,0,0,0,0,0,1,0,1,1
5580,1,0,0,1,1,0,0,0,0,0,0,1,1,0
3654,6,1,0,0,1,0,0,0,0,0,0,1,1,0
5557,11,1,0,0,1,0,0,0,0,0,0,1,1,0
1923,25,1,0,0,1,0,0,0,0,0,0,1,1,0
1661,1,0,0,1,0,0,0,0,0,0,0,0,1,1
3825,0,0,1,0,0,0,0,0,0,1,1,0,1,1
4601,4,0,0,0,0,0,0,0,0,0,0,1,1,0
4424,0,0,1,0,0,0,1,0,0,0,0,0,0,0
5510,6,0,0,0,0,0,0,0,0,0,1,1,1,0
1354,0,0,1,0,0,1,0,0,0,0,1,0,0,0
623,0,0,0,1,1,0,0,0,0,0,0,0,0,0
4208,4,1,1,0,0,0,0,0,0,0,1,1,0,1
4511,2,1,0,1,1,0,0,0,0,0,1,1,1,0
3871,21,1,0,0,1,0,0,0,0,0,0,1,1,0
1386,8,1,0,0,1,0,0,0,0,0,0,1,1,0
2458,0,1,0,1,0,0,1,0,0,0,0,0,0,0
4906,8,1,0,0,1,0,0,0,0,1,0,1,0,1
1186,0,0,0,0,1,0,0,0,0,0,0,0,1,1
3845,0,0,0,1,0,0,0,0,0,0,0,0,1,1
4505,3,1,0,1,1,0,0,0,0,0,0,1,1,0
5142,0,0,0,0,0,0,1,0,0,0,1,0,1,1
2500,0,0,0,0,1,0,0,0,0,0,1,0,1,1
1029,0,0,0,0,0,0,1,0,0,0,1,0,0,0
2722,1,0,0,1,1,0,0,0,0,0,1,1,1,0
5701,5,1,0,1,1,0,0,0,0,0,0,1,1,0
5140,2,0,0,0,0,0,0,0,1,0,0,0,1,1
3335,1,1,0,1,1,0,0,0,0,0,0,1,1,0
2626,10,1,1,0,1,0,0,0,0,0,0,1,0,1
3789,2,1,0,0,1,0,0,0,0,0,0,1,0,1
938,2,1,0,1,0,0,0,0,0,1,0,0,0,0
3701,0,1,0,0,1,0,0,0,0,0,0,0,0,0
2293,0,0,0,0,1,0,0,0,0,0,0,0,0,0
6120,3,0,0,0,0,0,0,0,0,0,1,0,1,1
1331,0,0,1,0,0,0,0,0,0,1,1,0,0,0
3333,0,0,1,0,0,0,1,0,0,0,1,0,0,0
2784,1,0,0,0,0,0,0,0,0,0,0,0,0,0
1614,14,1,0,0,1,0,0,0,0,0,0,1,1,0
3579,6,0,1,0,0,0,0,0,0,0,0,0,0,0
3902,0,0,0,0,1,0,0,0,0,1,0,0,0,0
1521,5,1,0,0,0,0,0,0,0,0,0,1,1,0
1347,1,0,0,0,1,0,0,0,0,0,0,0,0,0
1955,2,0,0,0,1,0,0,0,0,0,0,0,0,0
659,0,0,1,0,0,0,0,0,0,0,1,0,0,0
5079,0,0,0,0,0,0,1,0,0,1,1,0,0,0
2390,4,0,1,0,0,0,0,0,1,0,1,1,1,0
5611,2,1,0,1,1,0,0,0,0,1,0,1,1,0
4481,11,1,0,1,0,0,0,0,0,0,0,1,1,0
4813,1,0,0,0,1,0,0,0,0,0,1,0,0,0
3900,3,1,0,0,1,0,0,0,0,0,0,1,1,0
871,0,0,0,0,0,0,0,0,1,0,0,0,1,1
4419,0,0,0,1,0,0,1,0,0,0,0,0,1,1
3744,0,1,0,0,1,0,0,0,0,0,1,0,0,0
1763,7,1,0,0,0,0,0,0,0,0,1,1,1,0
3854,2,0,0,0,0,0,1,0,0,0,0,0,0,0
1152,0,0,0,0,0,0,0,0,0,1,1,0,0,0
680,0,0,1,0,0,0,1,0,0,0,1,0,0,0
1202,1,1,0,1,1,0,0,0,0,0,0,1,0,1
6170,3,0,0,0,1,0,0,0,0,1,1,0,0,0
5097,0,0,0,1,0,0,0,0,1,0,0,0,0,0
6160,19,1,0,0,1,0,0,0,0,0,0,1,1,0
2490,6,1,0,0,1,0,0,0,0,0,0,1,1,0
1193,1,0,0,1,1,0,0,0,0,1,1,0,1,1
5301,0,1,0,1,1,0,0,0,0,0,0,1,0,1
3912,1,0,0,0,0,0,0,0,0,0,1,0,0,0
649,5,1,0,0,1,0,0,0,0,0,0,1,1,0
4621,3,0,0,0,1,0,0,0,0,0,1,1,0,1
3510,0,1,0,0,1,0,0,0,0,0,1,0,0,0
5161,1,0,0,1,1,0,0,0,0,0,0,1,1,0
418,4,0,0,0,1,0,0,0,0,0,0,0,1,1
1541,0,1,1,0,0,0,0,0,0,0,1,1,0,1
1826,11,1,0,0,0,0,0,0,0,0,0,1,1,0
27,9,1,0,0,0,0,0,0,0,0,0,1,1,0
5805,4,1,0,0,1,0,0,0,0,0,0,1,1,0
3608,12,0,0,0,1,0,0,0,0,0,0,1,1,0
1559,0,0,1,0,0,0,0,0,0,0,1,0,0,0
602,18,1,1,0,1,0,0,0,0,0,0,1,1,0
4316,2,1,0,1,1,0,0,0,0,1,0,1,1,0
55,4,1,0,0,1,0,0,0,0,0,0,1,1,0
2953,0,1,0,0,1,0,0,0,0,0,0,0,1,1
482,5,0,0,0,1,0,0,0,0,0,1,0,1,1
3334,6,1,0,0,0,0,0,0,1,0,0,0,1,1
2850,7,0,0,0,1,0,0,0,0,0,0,0,0,0
3948,0,1,0,1,1,0,0,0,0,0,0,1,1,0
417,0,0,1,0,1,0,0,0,0,0,1,0,0,0
2786,0,0,0,1,1,0,0,0,0,0,1,1,1,0
5848,2,0,0,0,0,0,0,0,0,0,1,0,1,1
5749,0,0,0,1,1,0,0,0,0,0,1,1,0,1
1239,3,0,1,0,0,0,1,0,0,0,0,1,0,1
4374,2,0,0,0,1,0,0,0,0,0,0,0,0,0
6046,2,0,1,0,0,0,0,0,0,1,1,0,0,0
4501,6,1,0,0,1,0,0,0,0,0,0,1,1,0
2550,1,0,0,0,1,0,0,0,0,1,1,0,0,0
1495,5,1,0,0,1,0,0,0,0,0,0,1,1,0
108,6,0,0,0,0,0,0,0,0,0,0,0,0,0
1551,2,0,1,0,0,0,0,0,0,0,1,0,1,1
731,7,1,0,1,1,0,0,0,0,0,1,1,0,1
5507,2,0,0,0,1,0,0,0,0,1,0,0,1,1
3540,0,0,1,0,1,0,0,0,0,0,0,0,1,1
2036,0,0,0,1,1,0,0,0,0,0,0,0,0,0
3148,0,0,0,0,1,0,0,0,0,0,1,0,0,0
4177,1,1,0,1,1,0,0,0,0,0,0,1,0,1
4796,0,1,0,0,1,0,0,0,0,0,0,0,0,0
2387,1,1,0,0,0,0,1,0,0,0,1,0,0,0
3287,2,0,1,0,0,0,0,0,0,0,0,0,0,0
5790,0,0,0,0,1,0,0,0,0,0,0,0,0,0
5652,5,1,0,0,1,0,0,0,0,0,0,1,1,0
4905,0,0,0,0,1,0,0,0,0,0,1,0,0,0
2037,10,1,1,0,1,0,0,0,0,0,0,1,1,0
5191,1,1,0,0,1,0,0,0,0,0,0,0,1,1
2835,6,0,1,0,1,0,0,0,0,0,0,0,0,0
5238,3,1,1,0,0,0,1,0,0,0,0,0,1,1
1353,0,0,0,0,1,0,0,0,0,0,0,0,0,0
407,1,0,1,0,0,0,0,0,0,0,0,0,1,1
5675,2,0,0,0,1,0,0,0,0,0,0,0,1,1
1429,2,1,0,0,0,0,0,0,0,1,0,1,1,0
455,0,1,0,0,1,0,0,0,0,0,0,0,0,0
2189,0,0,0,1,1,0,0,0,0,0,0,0,0,0
1178,5,0,0,1,0,0,0,0,1,0,0,1,1,0
2813,0,0,0,0,0,0,0,0,0,0,0,0,0,0
3267,3,0,1,0,0,0,0,0,0,0,0,0,0,0
839,0,1,0,1,1,0,0,0,0,0,0,1,1,0
5384,0,0,0,1,0,0,0,0,0,0,1,0,0,0
5528,2,1,0,1,1,0,0,0,0,0,0,1,1,0
1376,0,0,0,0,1,0,0,0,0,0,0,0,0,0
863,0,0,1,0,0,0,1,0,0,0,1,0,0,0
3348,1,0,0,0,0,0,0,0,0,1,1,0,1,1
3347,5,1,0,0,1,0,0,0,0,0,0,1,0,1
4495,9,1,0,0,0,0,0,0,0,0,0,1,1,0
3044,1,0,0,0,0,0,0,0,0,0,0,0,0,0
5136,12,1,0,0,1,0,0,0,0,0,1,1,1,0
1192,1,1,1,0,0,0,0,0,0,0,0,1,1,0
4600,3,0,1,0,0,0,0,0,0,0,0,0,1,1
2577,4,1,0,1,1,0,0,0,0,0,0,1,1,0
5560,1,0,0,0,1,0,0,0,0,0,1,0,0,0
4349,0,0,0,0,1,0,0,0,0,0,0,0,1,1
5640,1,0,0,0,0,0,0,0,0,0,1,0,0,0
862,1,0,1,0,0,0,0,0,0,0,0,0,0,0
50,8,1,1,0,0,0,0,0,0,0,0,1,0,1
4451,0,0,0,1,1,0,0,0,0,0,0,0,0,0
2706,3,1,0,1,0,0,0,0,1,0,1,0,1,1
5548,1,0,0,0,1,0,0,0,0,0,1,0,0,0
3460,3,1,0,0,1,0,0,0,0,0,0,1,1,0
429,12,1,1,0,0,0,0,0,1,0,0,1,0,1
5904,8,1,0,0,0,0,0,0,0,0,0,1,1,0
2768,1,0,0,1,1,0,0,0,0,0,1,1,0,1
248,5,0,0,0,1,0,0,0,0,0,0,0,1,1
4944,1,0,0,0,0,0,0,0,0,1,0,0,0,0
3304,0,0,0,1,0,0,0,0,0,0,1,0,0,0
2451,0,1,0,1,1,0,0,0,0,0,1,0,0,0
5284,7,1,0,0,1,0,0,0,0,1,0,1,1,0
5042,0,0,0,0,0,0,0,0,0,1,0,1,0,1
3180,0,0,0,1,1,0,0,0,0,0,0,0,0,0
4049,1,1,0,0,0,0,1,0,0,0,0,0,0,0
4383,0,1,0,1,0,0,1,0,0,0,0,0,1,1
5829,38,1,1,0,1,0,0,0,0,0,0,1,1,0
5399,2,0,0,0,0,0,0,0,1,0,0,0,1,1
316,1,0,0,0,1,0,0,0,0,0,0,0,0,0
1587,0,0,0,1,1,0,0,0,0,0,0,0,1,1
5034,0,0,0,0,0,0,0,0,0,0,1,0,0,0
3445,6,0,0,0,1,0,0,0,0,0,0,1,0,1
2355,2,1,0,0,0,0,0,0,0,0,0,0,1,1
5823,1,1,0,0,0,0,0,0,0,0,0,0,0,0
4683,0,1,0,1,0,0,1,0,0,0,0,0,1,1
29,0,0,1,0,0,0,0,0,0,0,0,0,0,0
4819,2,0,1,0,1,0,0,0,0,0,1,0,0,0
4050,3,0,0,0,0,0,0,0,0,0,1,0,0,0
810,2,0,0,0,0,0,0,0,0,0,0,0,0,0
4394,7,1,0,0,1,0,0,0,0,0,0,1,0,1
5620,7,1,0,0,1,0,0,0,0,1,0,1,1,0
493,0,0,1,0,0,0,0,0,0,1,1,0,0,0
5335,0,0,0,0,0,0,1,0,0,0,0,0,0,0
3660,3,0,1,0,0,0,0,0,0,0,1,0,0,0
5915,3,1,1,0,1,0,0,0,0,0,1,0,1,1
2532,0,1,0,0,0,0,1,0,0,0,0,0,1,1
3110,0,0,0,0,1,0,0,0,0,0,0,0,0,0
369,0,0,0,0,0,0,0,0,0,0,1,0,0,0
4119,2,1,0,0,1,0,0,0,0,0,0,1,1,0
4448,0,0,0,0,1,0,0,0,0,0,0,0,0,0
2945,0,0,0,0,0,0,0,0,1,0,1,0,0,0
192,4,0,0,0,0,0,0,0,1,0,0,1,1,0
3546,0,0,0,0,0,0,0,0,1,0,1,0,0,0
3168,5,1,0,0,0,0,1,0,0,0,1,1,1,0
1637,7,1,0,0,1,0,0,0,0,0,0,1,1,0
4444,7,0,0,0,1,0,0,0,0,0,1,1,0,1
4358,1,1,0,0,0,0,0,0,0,0,0,0,0,0
2028,0,0,0,0,0,0,0,0,0,0,0,0,0,0
4994,0,1,0,0,1,0,0,0,0,0,0,0,1,1
5937,1,1,0,1,0,0,0,0,0,1,1,0,0,0
1117,0,0,0,0,1,0,0,0,0,0,1,0,0,0
5866,0,0,0,0,0,0,0,0,0,1,0,1,0,1
1322,2,1,0,1,1,0,0,0,0,1,0,1,1,0
3822,0,0,1,0,0,0,0,0,1,0,1,0,0,0
2561,9,1,0,0,0,0,0,0,0,0,0,1,0,1
5574,0,0,1,0,0,0,1,0,0,0,0,0,0,0
2985,1,1,0,1,1,0,0,0,0,0,1,1,1,0
4734,0,0,0,0,1,0,0,0,0,0,0,0,0,0
3431,0,0,1,0,0,0,0,0,0,0,0,0,0,0
5612,0,0,0,1,0,0,0,0,1,0,0,0,1,1
4145,0,1,0,1,1,0,0,0,0,0,1,0,1,1
2527,0,0,0,1,1,0,0,0,0,1,0,0,0,0
3452,1,0,1,0,1,0,0,0,0,1,0,0,0,0
2959,0,0,0,0,0,0,1,0,0,0,1,0,0,0
6059,10,0,1,0,1,0,0,0,0,0,0,1,1,0
267,0,0,1,0,0,0,0,0,0,0,1,0,0,0
4106,0,0,0,0,1,0,0,0,0,0,1,0,0,0
272,36,1,1,0,0,0,0,0,0,0,0,1,1,0
42,0,0,1,0,0,0,0,0,0,0,1,0,0,0
5272,4,0,0,0,1,0,0,0,0,0,0,0,1,1
2715,2,0,0,0,1,0,0,0,0,0,0,0,1,1
4794,0,0,1,0,0,0,1,0,0,0,0,0,0,0
1046,4,1,0,0,1,0,0,0,0,0,0,1,1,0
4042,3,0,1,0,1,0,0,0,0,0,0,0,0,0
2280,3,0,0,1,0,0,0,0,0,0,0,1,1,0
3521,6,1,0,0,0,0,0,0,0,1,0,1,0,1
4043,1,0,0,1,1,0,0,0,0,0,0,1,1,0
3337,1,0,0,1,0,0,0,0,0,0,0,0,1,1
5802,1,1,0,0,0,0,0,0,0,1,0,0,0,0
2983,0,1,0,1,0,0,0,0,0,0,1,1,0,1
1509,4,0,1,0,0,0,0,0,0,1,0,0,1,1
1219,2,0,1,0,0,0,0,0,0,1,0,0,0,0
5997,9,1,0,0,1,0,0,0,0,0,1,1,1,0
208,1,0,1,0,0,0,0,0,0,0,1,0,0,0
4620,0,0,1,0,0,1,0,0,0,0,1,0,0,0
2879,0,0,0,1,0,0,0,0,1,0,0,0,1,1
1961,2,0,0,0,1,0,0,0,0,0,1,0,0,0
2370,0,0,0,1,0,0,1,0,0,0,0,0,1,1
2294,1,0,0,1,1,0,0,0,0,0,1,1,0,1
4127,0,0,0,0,0,0,0,0,1,0,0,0,0,0
5433,2,1,0,0,1,0,0,0,0,0,0,1,0,1
3125,9,1,0,0,0,0,0,0,0,0,0,1,1,0
4652,0,0,0,0,1,0,0,0,0,0,0,0,0,0
4449,0,1,0,0,1,0,0,0,0,0,0,0,0,0
5865,0,0,0,0,0,0,0,0,1,0,1,0,0,0
4387,3,1,0,0,1,0,0,0,0,0,0,1,1,0
3628,0,0,1,0,1,0,0,0,0,0,0,0,0,0
593,10,1,0,0,1,0,0,0,0,0,1,1,1,0
3359,29,1,0,0,1,0,0,0,0,0,0,1,1,0
2557,3,0,1,0,0,0,0,0,0,0,1,0,0,0
699,2,0,1,0,0,0,0,0,0,0,0,0,0,0
3645,1,0,0,0,0,0,0,0,0,0,0,0,0,0
5985,4,0,0,0,1,0,0,0,0,0,0,0,1,1
4047,4,0,0,0,0,0,0,0,0,0,0,1,1,0
1827,5,1,1,0,1,0,0,0,0,0,0,1,1,0
1749,11,1,0,0,1,0,0,0,0,0,0,1,1,0
309,0,1,0,1,1,0,0,0,0,0,0,1,1,0
4360,1,0,1,0,1,0,0,0,0,0,1,0,0,0
5526,0,1,1,0,1,0,0,0,0,1,0,1,1,0
4514,5,1,0,0,1,0,0,0,0,0,1,1,1,0
1295,0,0,1,0,0,0,0,0,0,0,0,0,0,0
182,2,1,0,0,1,0,0,0,0,0,1,0,0,0
1115,2,0,0,0,0,0,0,0,0,0,0,0,0,0
5975,0,0,0,0,0,0,0,0,1,1,0,0,0,0
4824,4,1,0,1,1,0,0,0,0,0,0,1,1,0
2776,2,0,0,0,0,0,0,0,0,0,1,0,0,0
514,6,1,0,0,0,0,0,0,0,0,0,1,1,0
5432,4,1,0,1,0,0,0,0,0,0,1,1,1,0
2135,2,0,1,0,1,0,0,0,0,0,0,0,1,1
1973,2,0,0,0,0,0,0,0,0,1,0,0,0,0
3893,2,1,0,1,1,0,0,0,0,0,0,1,1,0
1287,0,0,0,1,1,0,0,0,0,1,0,0,1,1
5578,2,0,0,0,0,0,0,0,0,0,0,0,0,0
1068,0,1,0,0,0,0,1,0,0,0,1,0,1,1
285,1,0,1,0,0,0,1,0,0,0,1,0,0,0
4561,0,1,0,0,0,0,0,0,0,0,0,1,1,0
3738,2,1,0,0,0,0,0,0,0,0,1,0,1,1
1264,8,1,0,0,1,0,0,0,0,0,1,1,1,0
1577,0,0,1,0,0,0,0,0,0,0,1,0,0,0
633,1,1,0,0,1,0,0,0,0,1,1,0,0,0
510,11,1,0,1,1,0,0,0,0,0,0,1,1,0
3925,6,0,0,0,1,0,0,0,0,1,0,1,0,1
183,0,0,1,0,0,0,0,0,0,1,1,0,1,1
993,0,0,0,1,1,0,0,0,0,1,1,0,0,0
3143,0,1,0,0,0,0,0,0,0,0,1,1,1,0
1524,1,0,0,0,0,0,1,0,0,0,1,0,0,0
5708,2,1,0,0,0,0,1,0,0,0,1,1,1,0
1321,0,0,0,0,0,0,0,0,1,0,0,0,0,0
1215,2,0,0,0,1,0,0,0,0,1,1,0,0,0
2345,0,1,0,0,1,0,0,0,0,1,1,0,1,1
4612,2,1,0,0,1,0,0,0,0,0,0,1,1,0
5254,4,1,0,1,0,0,0,0,0,0,0,1,0,1
3763,0,0,0,0,0,0,0,0,1,0,0,0,0,0
2092,15,1,0,0,1,0,0,0,0,0,0,1,0,1
3994,1,0,0,0,0,0,0,0,0,0,0,0,0,0
1110,0,0,1,0,0,0,0,0,1,0,1,0,0,0
4255,0,0,0,0,0,0,1,0,0,1,1,0,0,0
1616,9,1,0,0,1,0,0,0,0,0,0,1,1,0
3797,0,0,1,0,0,0,0,0,0,0,0,0,0,0
1553,3,0,0,0,0,0,0,0,0,0,1,0,0,0
5615,0,0,0,0,0,0,0,0,0,0,0,0,0,0
656,0,0,0,0,1,0,0,0,0,0,1,0,0,0
4304,1,0,0,0,0,0,0,0,0,0,1,0,0,0
1512,2,0,0,0,1,0,0,0,0,0,0,0,0,0
5091,1,1,0,0,1,0,0,0,0,0,0,0,0,0
772,3,0,0,0,0,0,0,0,0,1,1,0,0,0
1339,0,1,0,1,0,0,1,0,0,0,0,0,1,1
3230,1,0,0,0,1,0,0,0,0,1,1,0,0,0
4012,1,1,0,0,1,0,0,0,0,1,0,0,0,0
2038,4,1,0,0,1,0,0,0,0,0,0,1,1,0
4665,12,1,0,1,1,0,0,0,0,0,0,1,1,0
5891,1,0,0,0,0,0,0,0,0,0,0,0,0,0
3448,5,0,0,0,0,0,0,0,0,0,1,1,1,0
528,1,0,0,0,1,0,0,0,0,0,1,0,0,0
5291,0,0,1,0,1,0,0,0,0,0,0,0,1,1
2126,7,1,0,0,1,0,0,0,0,0,0,1,0,1
701,1,0,0,1,1,0,0,0,0,1,0,1,0,1
4834,2,0,0,0,0,0,0,0,0,0,1,0,0,0
5442,1,0,0,0,0,0,0,0,0,0,1,0,0,0
386,5,0,1,0,1,0,0,0,0,0,0,0,1,1
4218,1,1,0,1,1,0,0,0,0,0,0,1,1,0
12,7,0,0,0,1,0,0,0,0,0,0,0,1,1
363,0,0,0,0,0,0,0,0,0,0,0,0,0,0
3433,5,0,1,0,1,0,0,0,0,0,0,0,1,1
3166,4,0,1,0,0,0,0,0,0,1,0,0,0,0
4896,0,0,0,0,1,0,0,0,0,1,1,0,0,0
3438,0,0,0,0,0,0,0,0,0,0,0,0,0,0
3378,0,0,0,1,0,0,0,0,1,0,0,0,0,0
4876,2,0,0,0,1,0,0,0,0,0,0,0,0,0
642,1,0,0,1,0,0,0,0,1,0,0,0,1,1
3780,5,1,0,1,1,0,0,0,0,0,0,1,1,0
168,2,0,0,0,0,0,0,0,1,0,1,0,1,1
1844,1,0,0,0,0,0,1,0,0,0,1,0,0,0
1526,12,1,0,0,0,0,1,0,0,0,0,1,0,1
4105,3,1,0,1,1,0,0,0,0,0,0,1,0,1
4768,4,1,0,0,1,0,0,0,0,1,0,1,0,1
1688,0,0,1,0,0,0,0,0,0,0,1,0,1,1
4550,0,0,0,0,0,0,0,0,0,0,1,0,0,0
4840,1,1,0,0,1,0,0,0,0,0,0,0,1,1
2988,1,0,0,0,1,0,0,0,0,0,1,0,0,0
4744,12,1,0,0,0,0,0,0,0,1,0,1,1,0
5402,7,1,0,1,1,0,0,0,0,1,0,1,0,1
4488,10,1,0,0,0,0,0,0,0,0,0,1,1,0
1474,4,0,1,0,0,0,0,0,0,0,0,0,0,0
4878,1,0,0,0,0,1,0,0,0,0,0,0,0,0
2114,1,0,0,0,0,0,0,0,0,0,1,0,1,1
3918,2,0,0,0,1,0,0,0,0,0,0,0,1,1
1884,0,0,0,0,0,0,0,0,1,1,0,0,0,0
1257,5,1,0,0,0,0,0,0,0,1,0,1,0,1
3689,1,1,0,0,1,0,0,0,0,1,0,0,1,1
4273,26,1,1,0,0,0,0,0,0,0,0,1,1,0
1131,0,1,0,1,1,0,0,0,0,0,0,1,1,0
4173,5,1,0,0,1,0,0,0,0,0,0,1,0,1
566,4,1,0,0,0,0,0,0,1,0,1,1,1,0
4093,3,0,1,0,0,0,0,0,0,0,0,0,1,1
963,0,1,0,1,1,0,0,0,0,1,0,0,0,0
5515,0,0,0,0,0,0,1,0,0,0,1,0,1,1
4752,1,0,0,0,1,0,0,0,0,0,0,0,0,0
3865,0,1,0,0,0,0,1,0,0,0,0,0,1,1
3464,1,1,0,0,1,0,0,0,0,0,1,0,0,0
3556,0,0,0,0,0,0,1,0,0,1,0,0,1,1
3635,0,0,0,0,0,1,0,0,0,0,0,0,0,0
660,4,0,0,0,1,0,0,0,0,0,0,0,0,0
2055,1,1,1,0,1,0,0,0,0,0,0,1,0,1
729,0,0,0,0,0,0,0,0,0,0,0,0,0,0
288,3,0,1,0,1,0,0,0,0,0,0,0,0,0
305,0,0,0,0,0,0,0,0,0,0,0,0,0,0
3325,4,0,0,0,1,0,0,0,0,0,1,1,1,0
3514,0,0,0,0,0,0,0,0,0,1,0,1,1,0
5022,1,0,0,0,1,0,0,0,0,1,1,0,0,0
5471,0,1,0,1,0,0,1,0,0,0,1,0,0,0
2767,10,1,0,0,1,0,0,0,0,0,0,1,1,0
2310,0,1,0,1,1,0,0,0,0,1,1,0,1,1
5798,3,1,0,0,0,0,1,0,0,0,0,1,1,0
3581,5,0,0,0,0,0,0,0,0,0,0,0,0,0
375,1,0,0,0,1,0,0,0,0,0,1,0,0,0
5923,5,0,0,0,1,0,0,0,0,0,1,0,0,0
4790,4,1,0,0,1,0,0,0,0,0,1,1,0,1
431,0,0,1,0,0,0,0,0,0,1,1,0,0,0
5998,2,1,1,0,1,0,0,0,0,0,1,0,0,0
2195,0,0,0,1,1,0,0,0,0,0,0,0,1,1
2094,1,0,1,0,1,0,0,0,0,0,1,0,0,0
5514,0,0,1,0,0,0,0,0,0,0,0,0,0,0
1288,7,1,0,0,1,0,0,0,0,0,1,1,1,0
1764,0,0,0,0,0,0,0,0,0,0,1,0,0,0
1627,0,1,0,1,1,0,0,0,0,0,0,1,0,1
739,0,0,0,1,1,0,0,0,0,0,0,0,0,0
2163,0,0,0,0,0,0,0,0,0,0,1,0,0,0
3245,6,0,1,0,0,0,0,0,0,0,0,0,1,1
1395,7,1,0,0,1,0,0,0,0,1,0,1,1,0
5650,0,0,1,0,0,0,0,0,0,0,0,0,1,1
3301,0,0,0,0,0,0,0,0,0,0,0,0,0,0
5974,0,0,1,0,1,0,0,0,0,0,1,0,0,0
4158,0,1,1,0,0,0,0,0,0,1,0,1,0,1
3970,3,1,0,1,1,0,0,0,0,0,0,1,1,0
1413,6,1,0,0,1,0,0,0,0,0,1,1,0,1
70,1,0,0,0,1,0,0,0,0,0,1,0,0,0
2314,5,0,0,0,1,0,0,0,0,0,0,0,1,1
97,3,0,0,0,1,0,0,0,0,0,0,1,0,1
78,7,1,0,0,0,0,0,0,0,0,0,1,1,0
1704,1,0,1,0,1,0,0,0,0,0,0,0,0,0
1710,5,0,1,0,1,0,0,0,0,0,0,0,0,0
4238,2,1,0,1,0,0,0,0,0,0,1,1,0,1
2685,13,1,1,0,1,0,0,0,0,0,0,1,1,0
2226,4,1,0,0,1,0,0,0,0,0,1,1,1,0
3489,0,0,0,0,0,1,0,0,0,0,1,0,0,0
5208,0,0,0,0,1,0,0,0,0,1,1,0,0,0
961,6,1,1,0,0,0,0,0,0,1,1,1,0,1
4844,1,0,0,0,0,0,0,0,1,0,0,0,0,0
3875,1,1,0,1,1,0,0,0,0,0,0,1,0,1
1252,0,1,0,1,0,0,0,0,0,1,0,0,1,1
4657,8,1,0,0,1,0,0,0,0,0,1,1,0,1
4628,0,0,1,0,0,0,0,0,0,0,1,0,0,0
265,0,1,0,1,1,0,0,0,0,0,0,1,1,0
3508,16,1,0,0,0,0,1,0,0,0,0,1,1,0
5644,1,0,0,0,0,0,1,0,0,1,1,0,0,0
3473,1,0,1,0,0,0,1,0,0,0,0,0,0,0
2728,9,1,0,1,1,0,0,0,0,0,1,1,1,0
5826,2,0,1,0,0,0,0,0,0,0,1,0,0,0
549,2,0,0,0,0,0,0,0,0,0,0,0,1,1
1864,37,1,0,0,1,0,0,0,0,0,1,1,1,0
1340,1,0,1,0,0,0,0,0,0,1,1,0,0,0
3936,7,0,0,0,1,0,0,0,0,0,0,0,0,0
1831,0,0,0,0,1,0,0,0,0,0,0,0,0,0
347,0,0,0,1,0,0,0,0,0,0,0,0,0,0
3405,4,0,0,0,1,0,0,0,0,0,0,0,0,0
1059,4,1,0,0,1,0,0,0,0,0,0,1,1,0
4483,21,1,1,0,0,0,0,0,0,0,0,1,1,0
4371,12,1,0,0,1,0,0,0,0,0,0,1,0,1
3919,0,1,0,1,1,0,0,0,0,1,1,0,1,1
3202,1,0,1,0,0,0,0,0,0,1,1,0,1,1
5930,11,0,0,0,0,0,0,0,0,0,0,1,0,1
4009,3,1,1,0,1,0,0,0,0,0,0,0,1,1
1838,3,0,0,0,1,0,0,0,0,0,0,1,1,0
5436,0,1,0,1,1,0,0,0,0,0,1,0,1,1
5012,7,0,0,0,1,0,0,0,0,1,0,1,1,0
790,10,1,0,0,1,0,0,0,0,0,1,1,1,0
5328,0,1,0,0,0,0,0,0,0,0,0,1,0,1
3051,0,0,1,0,1,0,0,0,0,0,1,0,0,0
3801,2,1,0,1,0,0,1,0,0,0,0,1,0,1
851,1,0,1,0,0,0,1,0,0,0,1,0,0,0
6031,0,0,0,1,0,0,1,0,0,0,0,0,1,1
1077,4,0,1,0,0,0,0,0,0,0,0,0,0,0
3001,0,0,0,0,0,0,0,0,1,0,0,0,0,0
2646,3,0,1,0,1,0,0,0,0,0,0,0,0,0
4836,3,1,0,0,1,0,0,0,0,0,0,1,0,1
3008,3,0,0,0,0,0,0,0,0,1,0,1,0,1
306,1,0,0,1,1,0,0,0,0,0,0,1,0,1
3418,0,0,0,1,0,0,0,0,0,1,0,0,0,0
3241,1,0,0,0,0,0,0,0,0,0,1,0,1,1
937,3,0,0,0,0,0,0,0,0,0,0,0,0,0
3023,0,0,0,0,1,0,0,0,0,0,0,0,0,0
3080,0,0,1,0,0,0,0,0,1,0,1,0,0,0
2371,0,0,0,0,1,0,0,0,0,0,1,0,0,0
3250,10,1,0,0,1,0,0,0,0,0,1,1,1,0
6003,14,1,0,0,1,0,0,0,0,0,0,1,1,0
3402,1,0,0,0,1,0,0,0,0,0,1,0,1,1
588,2,0,0,0,1,0,0,0,0,0,1,0,0,0
2615,0,0,0,0,0,0,0,0,0,0,1,0,0,0
1407,19,0,1,0,1,0,0,0,0,0,0,1,0,1
4926,8,0,0,0,1,0,0,0,0,0,1,1,1,0
279,0,1,0,1,1,0,0,0,0,1,0,0,1,1
2792,0,0,0,0,0,0,0,0,0,0,1,0,0,0
5047,9,1,0,0,0,0,0,0,0,0,0,1,1,0
1156,0,0,1,0,0,0,0,0,0,1,1,0,0,0
1442,23,0,1,0,0,0,0,0,1,0,0,1,1,0
3550,0,0,1,0,1,0,0,0,0,0,1,0,0,0
2395,5,0,0,0,0,0,1,0,0,0,0,0,0,0
2638,2,1,0,1,1,0,0,0,0,0,0,1,1,0
280,0,0,0,0,0,0,0,0,0,0,1,0,0,0
45,0,0,0,0,0,0,0,0,1,1,0,0,0,0
292,0,0,0,0,0,0,0,0,1,0,1,0,0,0
1237,12,1,0,1,1,0,0,0,0,0,1,0,1,1
3087,7,0,0,0,1,0,0,0,0,0,0,0,0,0
115,2,0,0,0,0,0,0,0,0,0,1,0,1,1
4963,1,0,1,0,0,0,0,0,0,0,0,0,0,0
121,0,0,0,0,0,0,0,0,0,1,1,0,0,0
3516,0,0,0,0,0,0,0,0,0,0,1,0,0,0
2086,0,0,0,1,0,0,1,0,0,0,0,0,1,1
4475,14,1,0,0,1,0,0,0,0,0,0,1,1,0
1675,0,0,1,0,0,0,0,0,0,0,1,0,0,0
1910,0,0,0,0,0,0,0,0,0,0,0,0,1,1
3365,4,1,0,0,1,0,0,0,0,1,0,1,0,1
5336,2,0,0,0,1,0,0,0,0,0,0,0,0,0
5671,1,1,0,1,1,0,0,0,0,0,0,1,0,1
5126,0,1,0,1,1,0,0,0,0,1,1,0,0,0
2810,0,0,0,0,0,0,0,0,0,1,1,0,0,0
486,15,1,0,0,1,0,0,0,0,0,0,1,0,1
3200,1,0,1,0,0,0,0,0,0,0,1,0,0,0
905,0,1,0,1,1,0,0,0,0,0,0,1,1,0
4853,4,1,1,0,0,0,0,0,0,0,0,1,0,1
1431,3,0,0,0,0,0,0,0,1,0,1,0,1,1
4190,2,1,0,1,1,0,0,0,0,0,0,1,1,0
5033,1,1,0,1,0,0,0,1,0,0,0,1,1,0
1200,0,0,0,0,0,0,1,0,0,0,1,0,0,0
2606,0,0,0,1,1,0,0,0,0,1,1,0,0,0
5120,0,1,0,1,0,0,0,0,1,0,1,1,0,1
1945,6,1,0,0,1,0,0,0,0,0,1,1,1,0
3618,0,1,0,1,1,0,0,0,0,1,0,0,1,1
2693,1,1,0,0,1,0,0,0,0,0,0,0,0,0
5115,1,1,0,1,1,0,0,0,0,0,0,1,0,1
1036,2,1,0,1,1,0,0,0,0,0,1,1,1,0
504,1,0,0,0,0,0,1,0,0,0,0,0,0,0
2990,0,0,1,0,0,0,0,0,0,0,0,0,0,0
1692,14,1,0,0,1,0,0,0,0,0,0,1,1,0
4443,8,0,1,0,1,0,0,0,0,0,0,0,0,0
4648,0,0,1,0,1,0,0,0,0,0,0,0,0,0
95,0,1,0,0,0,0,0,0,0,0,0,1,0,1
4789,1,0,0,1,0,0,1,0,0,1,0,0,0,0
4970,1,0,1,0,0,0,0,0,0,0,0,0,0,0
3858,0,0,0,0,0,0,0,0,1,1,1,0,1,1
1473,8,1,0,0,1,0,0,0,0,0,0,1,0,1
1086,2,1,0,0,0,0,0,0,0,0,0,0,1,1
4227,0,0,0,1,0,0,0,0,0,0,1,0,1,1
2003,2,0,0,0,0,0,1,0,0,0,0,0,0,0
2568,2,0,0,0,1,0,0,0,0,0,0,0,0,0
4979,0,1,0,0,0,0,0,0,0,0,1,1,0,1
4274,2,0,1,0,0,0,0,0,0,0,1,0,1,1
5811,0,0,0,0,0,0,0,0,0,0,0,0,0,0
3805,12,0,1,0,1,0,0,0,0,0,0,0,0,0
6152,1,0,0,0,1,0,0,0,0,0,0,0,0,0
1697,8,0,0,0,1,0,0,0,0,0,0,1,0,1
1977,1,0,0,1,1,0,0,0,0,0,0,1,0,1
4803,1,0,1,0,0,0,0,0,0,1,0,0,0,0
1874,0,0,0,0,1,0,0,0,0,0,0,0,0,0
527,2,1,0,1,0,0,0,0,0,1,0,0,1,1
4882,0,1,0,0,0,0,0,0,0,1,0,0,0,0
5428,0,0,0,0,1,0,0,0,0,1,1,0,0,0
170,0,0,0,0,0,0,0,0,0,1,1,0,0,0
2760,5,1,0,0,1,0,0,0,0,0,0,1,0,1
3231,5,1,0,0,0,0,0,0,0,0,0,1,1,0
1294,14,1,0,0,1,0,0,0,0,0,0,1,1,0
1301,3,0,1,0,0,0,0,0,0,0,0,0,0,0
5712,4,1,0,1,1,0,0,0,0,0,0,1,0,1
2981,0,1,0,1,0,0,0,0,0,0,0,1,1,0
271,2,1,0,1,1,0,0,0,0,0,0,1,1,0
3533,21,1,0,0,1,0,0,0,0,0,0,1,1,0
244,3,0,0,0,0,0,1,0,0,0,0,0,1,1
3688,0,0,0,1,1,0,0,0,0,0,0,0,0,0
367,2,0,0,0,0,0,0,0,0,0,1,0,0,0
2746,1,1,0,1,1,0,0,0,0,0,0,1,1,0
5919,13,1,0,0,1,0,0,0,0,0,0,1,1,0
4231,1,0,0,0,0,0,0,0,0,0,0,0,0,0
931,18,1,0,0,1,0,0,0,0,0,1,1,0,1
1930,12,1,0,0,1,0,0,0,0,1,0,1,1,0
4827,6,0,0,0,1,0,0,0,0,0,0,1,0,1
3634,1,0,0,0,0,0,0,0,0,0,1,0,0,0
4242,0,1,0,1,0,0,0,0,1,1,1,0,0,0
2110,3,1,0,1,0,0,0,0,0,0,0,1,1,0
5119,2,1,0,0,1,0,0,0,0,0,0,1,0,1
1441,1,1,0,1,0,0,0,0,0,0,0,1,1,0
606,0,0,1,0,0,0,0,0,0,0,0,0,0,0
2462,0,0,0,0,0,0,0,0,0,0,1,0,0,0
3577,1,1,0,1,1,0,0,0,0,0,1,1,1,0
1717,9,1,0,0,1,0,0,0,0,0,0,1,0,1
5013,1,0,0,0,0,0,0,0,0,0,1,0,1,1
5732,3,1,0,0,0,0,0,0,0,0,1,1,0,1
4253,16,1,0,0,1,0,0,0,0,0,0,1,1,0
5255,1,0,0,0,0,0,0,0,0,0,0,0,1,1
1750,0,1,0,0,0,0,1,0,0,0,0,0,0,0
1706,4,0,0,0,1,0,0,0,0,1,1,0,0,0
3609,13,1,0,0,1,0,0,0,0,0,0,1,1,0
4566,5,1,0,0,1,0,0,0,0,0,0,1,1,0
3910,0,0,0,0,0,0,0,0,0,0,1,0,0,0
648,0,1,0,1,1,0,0,0,0,1,0,0,0,0
4137,5,1,0,0,1,0,0,0,0,0,0,1,1,0
41,13,1,0,0,1,0,0,0,0,0,0,1,1,0
3637,7,1,0,0,1,0,0,0,0,0,1,1,1,0
4924,1,0,0,0,0,0,0,0,0,0,0,0,0,0
3165,2,0,0,0,1,0,0,0,0,1,0,0,0,0
5372,9,1,0,0,1,0,0,0,0,0,0,1,0,1
5856,11,0,1,0,1,0,0,0,0,0,1,1,1,0
2042,0,1,0,1,1,0,0,0,0,0,1,0,0,0
802,1,1,0,1,1,0,0,0,0,0,0,1,0,1
1020,0,0,0,0,0,0,0,0,0,0,0,0,0,0
51,5,0,0,0,1,0,0,0,0,0,0,0,0,0
4739,18,1,0,0,1,0,0,0,0,0,1,1,1,0
2782,1,0,0,0,0,0,0,0,0,0,0,0,1,1
1261,0,0,1,0,0,0,0,0,0,0,1,0,1,1
5391,8,1,0,0,0,0,1,0,0,1,1,0,1,1
4154,5,1,0,0,1,0,0,0,0,0,1,1,0,1
2463,1,0,1,0,1,0,0,0,0,0,1,0,1,1
2890,1,0,1,0,0,0,0,0,0,0,0,0,0,0
4005,1,0,0,0,0,0,1,0,0,0,1,0,0,0
1788,0,0,1,0,0,0,0,0,1,0,1,0,0,0
4716,0,1,0,1,0,0,1,0,0,0,0,0,1,1
5076,1,1,0,1,1,0,0,0,0,0,0,1,1,0
3486,5,1,0,0,0,0,0,0,0,0,1,1,1,0
4519,6,0,0,0,0,0,1,0,0,0,0,1,1,0
3652,0,0,0,0,0,0,1,0,0,1,1,0,0,0
1383,1,1,0,0,1,0,0,0,0,0,0,0,1,1
3914,0,0,0,0,0,0,0,0,0,0,0,0,1,1
2201,3,1,0,0,0,0,0,0,0,0,0,1,0,1
471,1,0,1,0,0,0,0,0,0,0,1,0,0,0
3703,0,0,1,0,1,0,0,0,0,0,0,0,0,0
2800,6,0,0,0,1,0,0,0,0,0,0,1,1,0
3682,0,0,1,0,0,0,0,0,0,0,1,0,0,0
2889,1,0,1,0,0,0,0,0,0,0,0,0,0,0
2659,1,0,0,0,0,0,0,0,0,0,0,0,0,0
4531,0,0,1,0,0,0,0,0,0,0,0,0,0,0
339,4,0,1,0,0,0,0,0,1,0,0,0,0,0
1657,2,1,0,0,1,0,0,0,0,0,1,0,0,0
2212,0,0,0,0,1,0,0,0,0,0,0,0,0,0
2807,0,1,0,1,1,0,0,0,0,1,0,0,0,0
4123,0,1,0,0,0,0,1,0,0,0,0,0,0,0
2969,5,0,0,0,0,0,0,0,0,0,0,0,0,0
5668,5,1,1,0,0,0,0,0,0,0,1,1,0,1
4222,0,0,0,0,1,0,0,0,0,1,1,0,0,0
195,0,0,0,0,1,0,0,0,0,0,1,0,0,0
327,12,1,0,0,1,0,0,0,0,0,0,1,1,0
302,3,1,0,1,1,0,0,0,0,0,0,1,1,0
4832,7,0,0,0,1,0,0,0,0,0,0,0,1,1
3392,0,0,0,0,0,0,0,0,0,1,1,0,0,0
2748,1,0,0,0,0,0,1,0,0,0,1,0,0,0
5542,1,1,0,1,0,0,0,0,0,0,0,1,1,0
1793,0,0,1,0,0,0,0,0,0,0,1,0,0,0
5018,1,0,0,0,0,0,1,0,0,0,0,0,1,1
1543,0,1,0,0,0,0,0,0,0,1,1,0,0,0
4788,10,1,0,0,0,0,1,0,0,0,0,1,1,0
4500,7,0,1,0,1,0,0,0,0,0,1,1,1,0
3314,1,0,0,0,1,0,0,0,0,0,1,0,1,1
133,4,1,0,0,1,0,0,0,0,1,0,1,1,0
3867,1,0,0,0,1,0,0,0,0,0,0,0,1,1
3720,3,0,0,0,1,0,0,0,0,1,0,1,0,1
5844,17,1,0,0,0,0,1,0,0,0,0,1,1,0
1012,0,0,0,0,0,0,1,0,0,0,1,0,1,1
5893,15,1,0,0,1,0,0,0,0,0,0,1,1,0
3612,3,1,0,1,1,0,0,0,0,0,0,1,1,0
4675,6,1,0,0,1,0,0,0,0,0,1,1,0,1
6165,0,0,0,0,1,0,0,0,0,0,1,0,1,1
3483,1,0,0,1,0,0,1,0,0,0,0,1,0,1
2755,0,0,0,1,1,0,0,0,0,0,0,0,0,0
1320,24,1,1,0,1,0,0,0,0,0,0,0,1,1
756,1,0,0,1,0,0,0,0,0,0,1,0,1,1
150,2,0,1,0,0,0,1,0,0,0,0,1,0,1
3104,0,0,0,1,0,0,0,0,0,0,0,0,0,0
3984,2,0,1,0,0,0,0,0,0,0,0,0,1,1
3766,2,1,0,0,1,0,0,0,0,0,0,1,1,0
3349,0,0,0,0,1,0,0,0,0,0,0,0,1,1
3128,0,1,0,0,0,0,0,0,0,0,0,1,0,1
2109,5,1,0,0,1,0,0,0,0,0,0,1,1,0
3584,2,0,0,0,1,0,0,0,0,1,1,0,0,0
5250,0,1,0,0,1,0,0,0,0,1,1,0,0,0
5313,1,0,0,0,0,0,1,0,0,0,1,0,0,0
6098,11,1,0,0,0,0,0,0,0,0,0,1,0,1
3032,1,1,0,1,1,0,0,0,0,1,0,1,1,0
1604,2,0,0,1,1,0,0,0,0,0,0,1,1,0
1343,6,0,0,0,0,0,0,0,0,0,0,0,0,0
4036,1,1,0,0,1,0,0,0,0,0,0,0,0,0
2191,3,1,1,0,0,1,0,0,0,0,0,1,1,0
4997,1,1,0,1,1,0,0,0,0,0,0,1,1,0
1421,24,1,0,0,1,0,0,0,0,0,0,1,0,1
744,0,0,1,0,1,0,0,0,0,1,0,0,0,0
3982,0,0,1,0,0,0,0,0,0,0,0,0,0,0
5913,10,1,0,0,1,0,0,0,0,0,0,1,0,1
3591,2,0,0,0,1,0,0,0,0,1,0,0,0,0
2710,1,0,0,1,0,0,0,0,0,0,1,0,0,0
2731,0,1,0,1,1,0,0,0,0,0,0,1,0,1
5046,1,1,0,1,1,0,0,0,0,0,1,1,1,0
2742,0,0,0,0,0,0,0,0,0,0,1,0,0,0
135,2,0,0,0,1,0,0,0,0,1,1,0,1,1
1066,4,0,0,0,1,0,0,0,0,0,0,0,1,1
201,1,1,0,0,0,0,0,0,0,0,0,0,0,0
824,0,0,0,0,1,0,0,0,0,0,1,0,1,1
3707,1,0,0,0,0,0,0,0,0,0,1,0,1,1
2920,2,0,0,0,0,0,0,0,0,0,0,0,0,0
5052,0,1,0,1,1,0,0,0,0,0,0,1,1,0
5877,0,0,1,0,0,0,0,0,0,0,1,0,0,0
2374,2,0,1,0,0,0,0,0,0,0,1,0,0,0
3447,1,0,0,0,1,0,0,0,0,1,0,0,0,0
5451,8,1,0,0,1,0,0,0,0,0,0,1,1,0
921,1,0,1,0,1,0,0,0,0,0,0,0,1,1
1742,2,0,1,0,0,0,0,0,0,0,1,0,0,0
1217,4,0,1,0,1,0,0,0,0,0,1,0,0,0
5721,9,1,0,0,1,0,0,0,0,0,0,1,1,0
3770,0,1,0,0,1,0,0,0,0,1,1,0,0,0
5606,0,1,0,1,0,0,0,0,0,0,1,1,1,0
1730,0,0,1,0,1,0,0,0,0,0,0,0,0,0
5081,6,1,0,0,1,0,0,0,0,0,1,1,1,0
5379,0,0,1,0,0,0,0,0,0,0,0,0,0,0
5586,1,0,0,1,0,0,0,0,0,0,0,0,0,0
2257,0,0,0,0,0,0,1,0,0,0,1,0,1,1
3075,0,0,1,0,1,0,0,0,0,0,0,0,0,0
3407,7,1,0,0,0,0,0,0,0,0,0,1,1,0
2459,0,0,1,0,0,0,0,0,0,0,1,0,1,1
3040,1,0,0,0,0,0,0,0,0,1,0,0,1,1
4750,0,0,0,1,0,0,1,0,0,0,0,0,1,1
313,7,1,0,0,1,0,0,0,0,0,0,1,1,0
3732,0,0,0,1,0,0,0,0,0,0,0,0,0,0
1070,0,0,0,0,0,0,0,0,0,0,1,0,0,0
2765,3,1,0,0,1,0,0,0,0,0,0,1,1,0
5616,0,0,0,1,0,0,0,0,0,0,0,0,0,0
2497,4,0,1,0,0,0,1,0,0,0,0,1,0,1
5661,2,1,0,0,1,0,0,0,0,0,1,0,1,1
3126,4,0,0,0,0,0,0,0,0,0,1,1,1,0
3158,2,0,0,0,1,0,0,0,0,1,0,0,1,1
5651,1,0,0,0,1,0,0,0,0,1,0,0,0,0
3610,0,0,0,0,0,0,1,0,0,1,1,0,0,0
5232,0,0,1,0,0,0,0,0,1,0,0,0,0,0
4930,23,1,0,0,1,0,0,0,0,0,1,1,1,0
846,2,1,0,1,0,0,0,0,0,0,0,1,0,1
4170,0,0,0,0,1,0,0,0,0,1,0,0,0,0
5188,1,0,0,1,1,0,0,0,0,0,0,1,1,0
2437,0,0,1,0,0,0,0,0,0,0,1,0,0,0
1505,0,1,0,1,1,0,0,0,0,1,0,0,0,0
1645,0,0,1,0,0,0,0,0,0,0,1,0,0,0
3361,0,1,0,1,1,0,0,0,0,1,0,0,1,1
4669,2,0,0,0,1,0,0,0,0,0,0,0,0,0
1014,1,0,0,0,1,0,0,0,0,1,0,0,0,0
2343,3,1,0,0,1,0,0,0,0,0,1,1,1,0
5447,7,1,0,1,0,0,0,0,0,1,1,1,0,1
4740,0,1,0,0,1,0,0,0,0,0,0,0,1,1
5892,8,1,0,0,1,0,0,0,0,0,1,1,1,0
5455,0,0,1,0,0,0,0,0,0,1,1,0,0,0
4378,2,1,0,0,1,0,0,0,0,0,0,1,0,1
260,0,0,0,0,0,0,0,0,0,0,1,0,1,1
3091,0,0,0,0,0,0,1,0,0,1,1,0,1,1
4972,19,1,0,0,0,0,1,0,0,0,0,1,1,0
1964,0,0,0,1,0,0,0,0,0,0,0,0,0,0
2214,1,0,1,0,0,0,0,0,0,0,0,0,0,0
3887,1,1,0,1,1,0,0,0,0,0,0,1,1,0
1953,0,0,0,0,0,0,1,0,0,0,1,0,0,0
3668,1,0,0,0,0,0,0,0,0,0,1,0,0,0
818,2,1,0,1,1,0,0,0,0,0,0,1,1,0
88,8,1,0,1,0,0,0,0,0,0,0,0,1,1
47,2,0,0,1,1,0,0,0,0,0,0,1,1,0
1933,9,0,0,0,1,0,0,0,0,0,0,0,1,1
463,1,0,0,0,1,0,0,0,0,0,1,0,0,0
1402,23,1,0,0,1,0,0,0,0,0,0,1,1,0
1481,1,1,0,1,0,0,1,0,0,0,0,1,0,1
4811,2,1,0,0,1,0,0,0,0,0,1,0,0,0
1341,2,0,0,0,0,0,1,0,0,1,1,0,0,0
4369,9,1,0,0,0,0,0,0,0,1,0,1,1,0
5310,0,0,0,1,1,0,0,0,0,0,1,1,1,0
3620,7,1,0,0,1,0,0,0,0,0,0,1,1,0
639,2,1,0,1,1,0,0,0,0,0,0,1,1,0
1023,1,1,0,1,0,0,0,0,0,0,0,1,1,0
4319,0,1,0,0,1,0,0,0,0,0,0,0,0,0
518,0,0,0,0,0,0,0,0,0,0,0,0,0,0
6006,4,1,0,0,0,0,0,0,0,0,0,1,1,0
3737,0,0,0,0,1,0,0,0,0,0,1,0,1,1
3691,0,0,1,0,0,0,0,0,0,1,1,0,0,0
3300,0,0,0,0,1,0,0,0,0,0,1,0,1,1
1966,4,0,0,0,0,0,0,0,0,0,1,1,0,1
1581,0,1,0,1,1,0,0,0,0,1,1,0,1,1
4466,0,0,0,0,0,0,0,0,0,1,1,0,0,0
2305,2,0,0,0,0,0,0,0,0,0,1,0,0,0
4487,0,0,0,1,1,0,0,0,0,1,0,0,1,1
4741,1,0,0,1,1,0,0,0,0,0,0,1,0,1
547,10,1,0,0,1,0,0,0,0,1,0,1,0,1
4850,9,1,0,0,1,0,0,0,0,0,0,1,1,0
968,0,0,0,1,0,0,0,0,0,0,0,0,1,1
314,1,0,1,0,0,0,0,0,0,1,1,0,0,0
235,2,0,0,0,1,0,0,0,0,1,1,0,0,0
924,1,0,0,1,1,0,0,0,0,0,1,1,1,0
4159,1,1,0,1,1,0,0,0,0,0,0,1,0,1
6125,4,0,0,0,1,0,0,0,0,0,0,0,0,0
3364,0,0,0,0,0,0,0,0,1,0,0,0,0,0
735,5,0,0,0,1,0,0,0,0,0,0,0,1,1
2592,12,1,0,0,1,0,0,0,0,0,1,1,1,0
2442,1,0,1,0,0,0,0,0,0,0,1,0,0,0
430,0,0,0,0,1,0,0,0,0,1,1,0,0,0
1032,0,0,0,1,1,0,0,0,0,0,0,0,0,0
545,0,0,0,0,1,0,0,0,0,0,0,0,0,0
469,3,0,0,0,1,0,0,0,0,0,0,1,1,0
6023,1,0,0,0,0,0,0,0,0,0,1,0,0,0
2741,14,1,0,0,1,0,0,0,0,0,0,1,0,1
5089,5,1,1,0,0,0,0,0,0,0,0,1,0,1
46,15,1,0,0,1,0,0,0,0,0,0,1,0,1
3603,0,0,0,0,0,0,0,0,0,0,1,0,1,1
5412,0,0,0,0,0,0,0,0,0,0,0,0,0,0
1228,3,0,0,0,0,0,0,0,0,0,0,0,0,0
745,3,1,0,1,1,0,0,0,0,0,0,1,0,1
444,0,0,0,1,0,0,0,0,0,0,0,0,0,0
5285,20,1,0,0,1,0,0,0,0,0,0,1,0,1
5121,0,1,0,0,0,0,0,0,0,1,0,0,0,0
5991,11,1,0,0,0,0,1,0,0,0,0,1,1,0
5152,0,0,0,0,0,0,0,0,0,1,1,0,0,0
3829,22,1,1,0,1,0,0,0,0,0,0,1,1,0
1241,4,0,0,0,1,0,0,0,0,0,0,0,1,1
5835,1,1,0,1,1,0,0,0,0,0,1,1,0,1
2616,0,0,0,0,0,0,1,0,0,0,0,0,0,0
2816,1,0,1,0,1,0,0,0,0,1,0,0,0,0
5389,3,1,0,0,0,0,0,0,0,1,0,1,1,0
1319,1,0,1,0,0,0,1,0,0,0,0,0,1,1
1520,1,1,1,0,0,0,1,0,0,0,1,0,0,0
3804,0,0,0,0,0,0,1,0,0,0,0,0,0,0
2521,2,0,1,0,0,0,0,0,0,0,1,0,0,0
3169,3,1,0,0,1,0,0,0,0,0,0,1,0,1
3586,4,1,0,1,0,0,0,0,1,0,0,1,0,1
1073,0,0,0,0,1,0,0,0,0,0,1,0,0,0
5387,5,0,0,0,1,0,0,0,0,1,0,0,1,1
5907,8,1,0,0,1,0,0,0,0,0,0,1,1,0
119,1,0,1,0,0,0,0,0,0,0,0,0,1,1
2378,0,0,0,0,0,0,0,0,0,0,1,0,0,0
290,2,1,0,1,1,0,0,0,0,0,0,1,1,0
3998,1,0,0,0,1,0,0,0,0,0,0,0,1,1
3142,2,0,1,0,0,0,0,0,0,0,0,0,0,0
5032,2,0,0,0,1,0,0,0,0,0,0,0,1,1
3293,0,1,0,0,1,0,0,0,0,0,0,0,0,0
5260,22,1,1,0,0,0,0,1,0,0,0,1,1,0
3601,1,1,0,1,1,0,0,0,0,0,1,1,1,0
5356,0,0,0,0,0,0,0,0,0,0,1,0,0,0
1163,0,1,0,1,0,0,1,0,0,0,0,0,0,0
3276,1,0,1,0,1,0,0,0,0,1,0,0,0,0
5736,0,0,0,1,1,0,0,0,0,0,1,1,0,1
3067,0,0,0,1,0,0,0,0,0,0,0,0,0,0
2256,0,0,0,0,1,0,0,0,0,1,1,0,0,0
4629,3,1,0,0,0,0,0,0,0,0,0,1,1,0
828,6,1,0,1,1,0,0,0,0,1,1,0,0,0
1743,1,0,1,0,1,0,0,0,0,0,0,0,0,0
1155,17,1,1,0,0,0,0,0,0,0,0,1,1,0
1151,0,0,0,1,1,0,0,0,0,1,1,0,0,0
1950,4,0,0,0,1,0,0,0,0,0,0,0,1,1
5190,0,0,1,0,0,0,0,0,0,1,1,0,0,0
3869,1,0,0,1,1,0,0,0,0,1,0,1,0,1
1703,1,0,0,0,0,0,0,0,0,0,0,0,1,1
4248,1,1,0,0,1,0,0,0,0,0,0,0,0,0
5222,10,1,0,0,1,0,0,0,0,0,0,1,1,0
5623,7,0,1,0,1,0,0,0,0,0,1,1,1,0
5220,8,1,0,1,1,0,0,0,0,0,0,1,1,0
2217,1,1,0,1,1,0,0,0,0,0,0,1,1,0
1234,1,1,0,1,0,0,0,0,0,1,0,0,0,0
276,2,0,0,0,0,0,0,0,0,1,1,1,1,0
3174,5,0,1,0,0,0,0,0,0,0,1,0,1,1
1416,27,1,1,0,1,0,0,0,0,0,1,1,0,1
683,0,0,0,0,1,0,0,0,0,1,1,0,0,0
4660,2,1,0,0,0,0,0,0,0,1,0,1,1,0
1375,9,1,0,0,0,0,0,0,0,0,0,1,1,0
614,0,1,0,1,1,0,0,0,0,0,0,1,0,1
4334,3,1,0,1,0,0,0,0,0,0,0,1,1,0
5627,0,0,0,0,0,0,0,0,0,0,1,0,1,1
228,0,0,0,1,1,0,0,0,0,1,0,0,1,1
1269,3,1,0,1,0,0,0,0,0,1,1,1,1,0
2296,8,1,0,0,1,0,0,0,0,0,1,1,1,0
4300,1,0,0,0,0,0,0,0,0,0,0,0,0,0
494,5,1,0,0,1,0,0,0,0,0,0,1,1,0
3927,4,0,1,0,1,0,0,0,0,0,0,0,1,1
2452,18,0,1,0,0,0,0,0,0,0,1,1,1,0
1850,0,0,0,0,0,0,0,0,0,1,0,1,0,1
2040,0,0,0,0,1,0,0,0,0,0,0,0,0,0
1938,3,1,0,1,1,0,0,0,0,0,0,1,1,0
4694,9,1,0,0,0,0,0,0,0,0,0,1,1,0
4079,3,1,0,1,1,0,0,0,0,0,0,1,1,0
670,1,1,0,1,1,0,0,0,0,0,0,1,1,0
2248,1,1,0,1,1,0,0,0,0,0,0,1,0,1
5776,3,0,0,0,1,0,0,0,0,0,0,1,1,0
2998,11,1,0,0,1,0,0,0,0,0,0,1,0,1
1652,0,0,0,0,1,0,0,0,0,0,0,0,0,0
866,3,0,0,1,0,0,0,0,0,0,1,1,0,1
4196,0,0,1,0,0,0,0,0,0,0,1,0,0,0
1122,1,0,0,1,0,0,0,0,0,1,1,0,0,0
1810,2,0,1,0,0,0,0,0,0,0,0,0,0,0
2085,0,0,0,0,1,0,0,0,0,0,0,0,0,0
3824,0,0,0,0,1,0,0,0,0,1,1,0,0,0
402,3,0,0,0,0,0,0,0,0,0,0,0,0,0
546,8,1,0,0,1,0,0,0,0,0,0,1,1,0
5773,0,0,0,0,1,0,0,0,0,0,0,0,1,1
1377,8,1,0,0,1,0,0,0,0,0,1,1,1,0
4682,4,0,1,0,1,0,0,0,0,0,0,0,0,0
2866,5,1,0,0,1,0,0,0,0,0,0,1,1,0
4059,1,1,0,0,1,0,0,0,0,1,0,0,0,0
3888,0,0,0,0,0,0,0,0,0,1,0,1,0,1
2411,1,0,0,1,1,0,0,0,0,0,1,1,1,0
2666,2,1,0,1,0,0,0,0,0,0,0,1,0,1
5901,3,0,0,0,1,0,0,0,0,0,0,1,1,0
4862,0,1,0,0,0,0,0,0,0,0,0,1,1,0
294,0,0,1,0,0,0,0,0,0,0,1,0,0,0
365,3,1,0,1,1,0,0,0,0,1,0,1,1,0
574,0,0,0,0,0,0,0,0,0,1,1,0,0,0
5864,9,1,0,0,1,0,0,0,0,0,0,1,1,0
1757,4,0,1,0,0,0,0,0,0,0,0,0,0,0
3097,3,0,1,0,0,0,0,0,0,0,1,0,1,1
1528,6,0,1,0,0,0,0,0,0,0,0,0,1,1
2101,3,0,1,0,1,0,0,0,0,0,1,0,0,0
3544,2,1,0,0,1,0,0,0,0,0,1,0,1,1
5167,0,0,0,1,1,0,0,0,0,0,0,0,0,0
3488,1,1,1,0,1,0,0,0,0,0,0,1,0,1
763,1,0,1,0,0,0,0,0,0,0,0,0,1,1
1820,1,1,0,1,1,0,0,0,0,0,0,1,1,0
2496,1,1,0,0,1,0,0,0,0,1,0,0,1,1
4540,8,1,1,0,1,0,0,0,0,0,0,1,1,0
1089,1,0,0,0,1,0,0,0,0,1,0,0,0,0
4229,3,0,0,0,1,0,0,0,0,0,0,1,1,0
3317,0,0,1,0,1,0,0,0,0,0,1,0,0,0
2832,0,1,0,1,1,0,0,0,0,1,1,0,0,0
1072,0,0,0,1,0,0,0,0,0,0,0,0,1,1
4219,3,1,0,0,0,0,0,0,0,0,0,1,0,1
3992,3,1,0,0,1,0,0,0,0,0,0,1,1,0
3663,2,1,0,0,0,0,1,0,0,0,0,1,0,1
3451,8,1,0,0,1,0,0,0,0,0,1,1,1,0
4122,0,0,0,0,1,0,0,0,0,0,1,0,0,0
2017,4,0,0,0,1,0,0,0,0,0,1,1,0,1
3028,5,0,0,0,0,0,0,0,0,0,0,0,1,1
4326,11,1,0,0,1,0,0,0,0,0,0,1,1,0
1141,11,1,0,0,1,0,0,0,0,0,1,1,1,0
5354,2,1,0,1,1,0,0,0,0,0,0,1,1,0
420,0,1,0,0,1,0,0,0,0,0,0,0,0,0
704,0,0,0,0,0,0,0,0,1,0,0,0,0,0
2841,5,1,0,0,1,0,0,0,0,0,0,1,1,0
3177,16,1,0,0,1,0,0,0,0,0,0,1,1,0
1775,0,1,0,1,0,0,0,0,0,0,0,1,1,0
1951,2,0,0,0,0,0,0,0,0,0,0,0,0,0
49,4,0,1,0,1,0,0,0,0,0,1,0,0,0
187,4,0,0,0,0,0,0,0,0,0,0,1,1,0
926,0,0,0,0,1,0,0,0,0,0,0,0,0,0
6020,1,0,1,0,1,0,0,0,0,0,0,0,0,0
3423,3,1,0,0,1,0,0,0,0,0,0,1,1,0
4254,1,1,0,0,1,0,0,0,0,0,0,0,1,1
5276,1,1,0,0,0,0,0,0,0,1,0,0,1,1
1099,7,0,1,0,1,0,0,0,0,0,0,0,1,1
1834,0,0,0,0,0,0,0,0,0,1,0,1,0,1
2903,1,1,0,1,1,0,0,0,0,0,0,1,1,0
3583,1,0,1,0,0,0,0,0,0,0,0,0,0,0
1168,0,0,0,0,0,0,0,0,0,0,1,0,0,0
3602,5,1,0,0,0,0,0,0,0,0,0,1,0,1
2673,9,1,0,0,1,0,0,0,0,0,0,1,1,0
5398,0,0,0,0,1,0,0,0,0,0,1,0,0,0
4524,2,0,0,0,0,0,0,0,0,0,0,0,0,0
1546,2,1,0,0,1,0,0,0,0,0,0,1,0,1
992,4,1,1,0,1,0,0,0,0,0,1,1,0,1
3593,22,1,0,0,0,0,0,0,0,1,1,1,1,0
1344,1,0,1,0,0,0,1,0,0,0,1,0,0,0
1267,2,0,0,0,0,0,1,0,0,0,1,0,0,0
3772,1,1,0,1,0,0,0,0,0,0,0,1,1,0
2211,0,0,0,0,0,0,0,0,0,0,0,0,0,0
1310,2,0,1,0,0,0,0,0,0,1,1,0,1,1
5347,5,1,0,0,0,0,1,0,0,0,0,1,1,0
6033,1,0,0,0,0,0,1,0,0,1,1,0,0,0
4667,0,0,1,0,0,0,0,0,0,1,1,0,0,0
4975,3,1,0,0,1,0,0,0,0,1,0,0,1,1
6018,1,0,0,0,1,0,0,0,0,1,1,0,0,0
2777,10,1,0,0,0,0,0,0,0,0,0,1,1,0
5144,1,1,0,1,0,0,0,0,0,0,0,1,0,1
1420,1,0,1,0,0,0,0,0,0,0,0,0,0,0
3192,0,0,0,1,0,0,1,0,0,0,1,0,1,1
1108,0,0,0,0,0,0,0,0,0,0,1,0,0,0
3328,2,0,0,0,0,0,0,0,1,0,0,0,0,0
5105,3,1,0,1,1,0,0,0,0,0,0,1,1,0
6122,5,1,1,0,1,0,0,0,0,0,1,0,0,0
5487,0,1,0,0,1,0,0,0,0,0,0,0,0,0
1615,13,1,0,0,1,0,0,0,0,0,0,1,1,0
3479,0,0,0,1,1,0,0,0,0,0,0,0,1,1
5968,0,1,0,0,1,0,0,0,0,0,0,0,0,0
5404,1,0,0,1,0,0,0,0,0,1,1,0,0,0
4372,1,1,0,1,1,0,0,0,0,0,0,1,1,0
5534,13,1,0,0,0,0,1,0,0,0,0,1,0,1
9,0,0,0,0,0,0,0,0,0,1,1,0,0,0
467,3,1,0,0,1,0,0,0,0,0,0,1,0,1
2621,0,0,1,0,1,0,0,0,0,1,1,0,0,0
6139,3,0,1,0,0,0,0,0,0,1,0,0,0,0
4344,3,0,1,0,0,0,0,0,0,0,1,0,0,0
1651,1,0,0,0,0,0,0,0,0,0,0,0,0,0
1694,5,0,1,0,1,0,0,0,0,0,0,0,1,1
163,9,1,0,0,1,0,0,0,0,0,0,1,1,0
2431,0,0,1,0,0,0,0,0,1,1,0,0,0,0
3962,8,1,0,0,1,0,0,0,0,0,0,1,1,0
3030,3,0,0,0,0,0,0,0,0,1,1,0,1,1
3812,1,1,0,0,0,0,0,0,0,0,0,0,0,0
3427,0,0,0,0,1,0,0,0,0,0,1,0,0,0
3453,2,1,0,0,0,0,0,0,0,0,0,0,1,1
4355,0,1,0,1,1,0,0,0,0,0,0,1,1,0
3205,4,1,0,1,0,0,0,0,0,0,1,1,1,0
4743,7,0,0,0,1,0,0,0,0,0,0,0,0,0
6107,7,1,0,0,0,0,0,0,0,0,1,1,1,0
4265,6,0,0,0,1,0,0,0,0,0,0,1,0,1
4433,0,0,0,0,0,0,0,0,0,1,1,0,0,0
6108,1,1,0,1,1,0,0,0,0,0,0,1,1,0
2808,3,0,0,0,1,0,0,0,0,0,0,1,0,1
3872,18,1,0,0,1,0,0,0,0,0,0,1,1,0
939,0,1,0,1,0,0,1,0,0,0,0,0,1,1
3015,2,1,0,1,1,0,0,0,0,1,0,1,1,0
1159,10,0,0,0,0,0,0,0,0,0,0,1,1,0
2941,0,0,0,1,0,0,0,0,1,0,1,0,1,1
5807,0,0,0,0,0,0,0,0,0,1,0,1,0,1
4152,1,1,0,1,1,0,0,0,0,0,0,1,1,0
3090,2,1,0,1,0,0,0,0,0,0,0,1,1,0
2992,3,0,0,0,1,0,0,0,0,0,0,1,1,0
6047,9,1,1,0,1,0,0,0,0,1,1,0,0,0
5834,1,0,0,0,1,0,0,0,0,0,0,0,0,0
6105,9,1,0,0,1,0,0,0,0,1,0,1,1,0
4571,1,0,1,0,0,0,1,0,0,1,0,1,1,0
1100,0,1,0,0,0,0,0,0,0,0,0,1,1,0
3221,4,1,0,0,1,0,0,0,0,0,0,1,0,1
5364,4,1,0,1,0,0,0,0,0,1,0,1,1,0
4761,2,0,0,1,1,0,0,0,0,0,0,1,1,0
4673,5,1,1,0,1,0,0,0,0,1,0,0,0,0
2788,0,0,0,0,1,0,0,0,0,0,0,0,1,1
2947,0,0,1,0,0,0,0,0,0,0,1,0,0,0
4491,19,1,1,0,1,0,0,0,0,0,0,1,1,0
4085,31,1,0,0,0,0,0,0,1,0,0,1,1,0
1654,0,0,0,1,0,0,0,0,0,0,0,0,0,0
4178,1,1,0,0,0,0,1,0,0,0,0,0,1,1
1401,13,1,0,1,1,0,0,0,0,0,0,1,1,0
3368,2,0,0,0,0,0,0,0,0,0,0,0,0,0
2922,1,1,0,1,1,0,0,0,0,0,0,1,1,0
4322,2,0,1,0,0,0,0,0,0,0,1,0,0,0
5512,1,0,1,0,0,0,1,0,0,0,1,0,0,0
3061,3,1,0,1,1,0,0,0,0,0,0,1,0,1
6060,0,0,1,0,0,0,0,0,1,0,0,0,1,1
6144,4,1,0,0,0,0,0,0,0,1,1,1,1,0
3043,0,0,0,0,0,0,0,0,0,0,0,0,0,0
3119,5,1,0,0,1,0,0,0,0,0,0,1,0,1
1632,3,0,0,0,0,0,0,0,0,0,1,0,0,0
4527,2,1,0,1,1,0,0,0,0,0,0,1,1,0
5738,11,1,0,0,1,0,0,0,0,0,0,1,0,1
655,0,0,0,0,0,0,1,0,0,0,0,0,0,0
605,1,0,0,0,0,0,0,0,0,0,0,0,1,1
1601,1,1,0,0,1,0,0,0,0,0,0,0,1,1
5495,2,0,0,0,1,0,0,0,0,0,0,0,1,1
5925,4,1,0,0,1,0,0,0,0,0,1,1,0,1
1582,1,0,0,0,0,0,1,0,0,0,0,0,0,0
1611,10,1,0,0,1,0,0,0,0,0,0,1,1,0
834,3,0,0,0,1,0,0,0,0,1,0,1,0,1
498,0,0,0,0,0,0,1,0,0,0,1,0,0,0
4575,0,0,0,1,0,0,0,0,0,0,0,0,0,0
4504,8,0,1,0,0,0,0,0,0,0,0,0,0,0
3310,13,1,0,0,1,0,0,0,0,0,0,1,0,1
686,17,1,0,0,1,0,0,0,0,0,0,1,1,0
2380,1,0,0,0,1,0,0,0,0,0,0,0,1,1
1990,0,0,1,0,1,0,0,0,0,0,0,0,0,0
747,1,1,0,1,0,0,0,0,0,0,0,1,1,0
5094,10,1,0,1,0,0,0,0,0,0,0,1,0,1
782,4,0,0,0,1,0,0,0,0,0,1,1,1,0
4532,4,1,0,0,0,0,0,0,0,0,0,1,0,1
526,0,1,0,1,1,0,0,0,0,1,1,0,0,0
5959,0,0,0,1,1,0,0,0,0,0,0,0,0,0
3210,0,0,1,0,0,0,0,0,0,1,1,0,0,0
3367,1,1,0,1,0,0,0,0,0,0,0,1,0,1
687,1,0,0,1,1,0,0,0,0,0,0,1,1,0
987,7,1,0,0,0,0,0,1,0,0,0,1,0,1
483,11,0,0,0,0,0,0,0,0,0,1,0,0,0
1668,5,1,0,0,1,0,0,0,0,0,1,1,0,1
5403,0,0,0,0,0,0,0,0,0,0,1,0,0,0
1600,0,0,0,0,1,0,0,0,0,0,0,0,0,0
372,1,0,0,1,1,0,0,0,0,0,1,1,1,0
1687,1,0,1,0,0,0,0,0,0,0,1,0,1,1
3132,1,0,1,0,0,0,0,0,0,0,0,0,0,0
5631,5,1,0,0,0,0,0,0,0,0,0,1,1,0
3864,2,1,0,0,1,0,0,0,0,0,1,0,0,0
1404,1,0,0,1,1,0,0,0,0,0,0,1,0,1
3650,0,0,0,0,0,0,0,0,0,0,0,0,0,0
5673,0,0,0,0,0,0,0,0,0,0,1,0,0,0
6103,8,0,1,0,0,0,0,0,0,0,1,1,0,1
1796,9,1,1,0,0,0,0,0,0,0,0,0,1,1
5895,0,1,0,1,0,0,0,0,0,0,0,1,0,1
5307,0,1,0,1,1,0,0,0,0,1,0,0,0,0
668,3,1,0,0,1,0,0,0,0,1,0,0,0,0
1136,8,1,1,0,1,0,0,0,0,0,0,1,1,0
4785,0,0,0,1,1,0,0,0,0,0,1,1,1,0
3373,2,1,0,0,1,0,0,0,0,0,0,1,1,0
2115,1,1,0,0,1,0,0,0,0,0,1,0,0,0
90,0,1,0,0,0,0,0,0,0,0,1,1,0,1
383,3,1,0,0,1,0,0,0,0,0,0,1,1,0
5263,10,0,1,0,1,0,0,0,0,0,0,1,1,0
2426,1,0,1,0,0,0,0,0,0,0,0,0,1,1
3288,14,1,0,0,1,0,0,0,0,0,0,1,1,0
4580,17,1,0,0,1,0,0,0,0,0,0,1,1,0
4535,4,0,0,0,1,0,0,0,0,0,1,1,1,0
5879,1,0,0,0,0,0,0,0,0,0,1,0,0,0
1573,0,0,0,1,1,0,0,0,0,0,0,0,0,0
2181,11,1,0,0,1,0,0,0,0,0,0,1,1,0
6004,23,1,0,0,1,0,0,0,0,0,0,1,0,1
1695,0,1,0,0,1,0,0,0,0,0,0,0,1,1
3055,0,0,0,0,0,0,0,0,0,1,0,1,1,0
1013,8,1,1,0,0,0,0,0,0,0,0,1,1,0
2564,5,1,0,0,1,0,0,0,0,0,0,1,1,0
2068,1,0,0,1,1,0,0,0,0,0,0,1,1,0
3561,4,1,0,0,1,0,0,0,0,0,0,1,1,0
1785,0,1,0,1,0,0,0,0,0,1,0,0,0,0
5198,0,0,0,0,1,0,0,0,0,0,0,0,0,0
1892,9,1,0,0,1,0,0,0,0,1,1,0,1,1
5912,0,0,1,0,0,0,0,0,0,0,1,0,0,0
2021,1,1,0,1,1,0,0,0,0,0,0,1,1,0
1772,1,0,1,0,0,0,0,0,0,0,1,0,1,1
6117,2,0,0,0,1,0,0,0,0,0,1,0,0,0
1727,1,1,0,0,1,0,0,0,0,0,0,0,0,0
4489,6,0,0,0,1,0,0,0,0,0,0,1,1,0
2641,0,0,1,0,0,0,0,0,1,1,0,0,0,0
5996,0,1,0,1,1,0,0,0,0,0,0,1,0,1
107,19,1,0,0,1,0,0,0,0,0,0,1,1,0
5563,0,0,1,0,0,0,0,0,0,1,1,0,1,1
5788,0,0,0,0,0,0,0,0,0,1,0,1,1,0
1384,0,0,1,0,0,0,0,0,0,1,1,0,1,1
190,11,1,0,0,1,0,0,0,0,0,0,1,1,0
87,0,0,0,0,0,0,0,0,0,1,0,1,1,0
6084,1,1,0,1,1,0,0,0,0,0,0,1,1,0
3724,3,0,0,0,1,0,0,0,0,1,1,0,0,0
899,0,0,0,0,0,0,0,0,0,1,0,1,0,1
213,0,0,0,0,0,0,0,0,1,1,1,0,0,0
283,0,0,0,0,1,0,0,0,0,0,0,0,0,0
5875,0,1,0,1,1,0,0,0,0,0,1,0,0,0
508,3,1,0,0,1,0,0,0,0,0,1,1,1,0
1542,5,1,0,0,1,0,0,0,0,0,0,1,1,0
3613,15,1,0,0,1,0,0,0,0,0,0,1,0,1
6104,3,0,0,0,1,0,0,0,0,0,0,1,0,1
6037,2,0,0,0,0,0,0,0,0,0,1,0,1,1
5431,4,1,1,0,1,0,0,0,0,0,0,0,0,0
2853,1,0,0,0,1,0,0,0,0,0,0,0,0,0
1397,5,1,0,0,1,0,0,0,0,0,1,1,0,1
3449,1,1,0,1,0,0,0,0,0,0,1,0,1,1
93,3,1,0,1,1,0,0,0,0,0,0,1,1,0
4498,13,1,0,0,1,0,0,0,0,0,0,1,1,0
5883,1,0,0,1,0,0,0,0,1,0,0,0,1,1
3356,1,0,1,0,0,0,0,0,0,0,1,0,0,0
925,0,0,0,0,0,0,1,0,0,0,1,0,0,0
4421,2,0,0,0,1,0,0,0,0,0,0,0,0,0
5441,0,0,0,0,0,0,1,0,0,0,0,0,0,0
1244,5,1,0,0,1,0,0,0,0,0,0,1,1,0
4989,0,0,0,1,1,0,0,0,0,0,0,0,1,1
4625,0,1,0,1,0,0,0,0,0,0,0,1,1,0
2178,0,1,0,1,1,0,0,0,0,1,0,0,1,1
5731,10,1,0,0,1,0,0,0,0,0,0,1,1,0
1064,0,0,0,0,0,0,0,0,1,0,1,0,0,0
5016,0,1,0,0,1,0,0,0,0,0,0,0,0,0
1952,1,1,0,1,1,0,0,0,0,1,0,1,0,1
4111,2,1,0,1,1,0,0,0,0,0,0,1,1,0
5160,1,0,0,0,0,0,0,0,1,0,0,0,1,1
4143,0,1,0,1,1,0,0,0,0,0,0,1,1,0
1918,6,1,0,1,0,0,1,0,0,0,0,1,1,0
4968,0,0,0,0,0,0,0,0,0,1,1,0,0,0
2358,9,1,0,0,1,0,0,0,0,1,0,1,1,0
4705,15,1,0,0,1,0,0,0,0,0,0,1,1,0
2207,1,0,0,0,0,0,0,0,1,0,0,0,0,0
4596,1,1,0,0,0,0,0,0,0,1,1,1,1,0
835,2,1,0,1,1,0,0,0,0,0,0,1,1,0
4038,7,0,0,0,1,0,0,0,0,1,1,1,1,0
1564,0,0,0,0,0,0,0,0,0,0,1,0,0,0
1179,1,1,0,1,1,0,0,0,0,0,1,1,0,1
5748,2,0,0,0,0,0,1,0,0,0,1,0,0,0
5667,0,1,0,1,0,0,0,0,0,1,1,0,1,1
4147,1,0,1,0,0,0,1,0,0,0,1,0,0,0
859,11,1,0,0,1,0,0,0,0,0,1,1,1,0
3033,2,1,1,0,1,0,0,0,0,0,1,0,1,1
4656,3,1,1,0,1,0,0,0,0,0,0,0,1,1
4846,2,0,0,1,0,0,0,0,0,0,0,0,1,1
1909,0,0,0,0,0,0,0,0,0,0,1,0,0,0
378,2,1,1,0,1,0,0,0,0,1,0,0,1,1
5265,5,1,0,0,1,0,0,0,0,1,0,1,1,0
5570,5,1,0,0,1,0,0,0,0,0,0,1,1,0
5355,5,0,1,0,1,0,0,0,0,0,0,0,0,0
6040,7,0,1,0,1,0,0,0,0,0,0,0,1,1
4458,0,0,0,0,0,0,0,0,1,0,1,0,0,0
853,2,1,0,0,1,0,0,0,0,0,0,1,0,1
4275,1,0,1,0,0,0,1,0,0,0,0,0,0,0
1245,1,1,1,0,0,0,0,0,0,1,0,0,0,0
6135,4,1,1,0,1,0,0,0,0,0,1,1,1,0
105,3,1,0,0,1,0,0,0,0,0,0,1,1,0
4940,2,0,0,1,0,0,0,0,0,0,1,0,0,0
22,1,0,0,0,0,0,0,0,0,0,1,0,0,0
5648,0,0,0,0,0,0,0,0,0,0,1,0,0,0
1536,1,0,1,0,0,0,0,0,0,0,1,0,1,1
3124,6,1,0,0,1,0,0,0,0,0,0,1,1,0
5595,1,0,0,0,0,0,0,0,0,1,1,0,0,0
3251,1,1,0,1,1,0,0,0,0,0,0,1,1,0
3107,0,0,1,0,1,0,0,0,0,0,1,0,1,1
1565,5,1,0,0,1,0,0,0,0,0,1,1,0,1
1408,0,1,0,1,0,0,0,0,1,0,1,1,0,1
5500,0,0,0,0,1,0,0,0,0,0,0,0,0,0
2781,3,0,1,0,0,0,1,0,0,0,0,1,0,1
3606,11,1,1,0,1,0,0,0,0,0,1,1,1,0
5637,0,0,0,0,1,0,0,0,0,0,0,0,0,0
4817,1,0,1,0,1,0,0,0,0,0,1,0,0,0
5793,1,0,0,1,1,0,0,0,0,0,1,1,0,1
1499,0,0,0,1,1,0,0,0,0,0,1,1,0,1
126,7,1,0,0,1,0,0,0,0,1,0,1,1,0
3997,3,1,0,0,1,0,0,0,0,0,1,1,0,1
3712,0,1,0,0,1,0,0,0,0,0,0,0,1,1
5054,1,1,0,0,0,0,0,0,0,1,1,1,0,1
6032,4,0,0,1,1,0,0,0,0,0,0,1,1,0
697,0,0,0,0,0,0,0,0,1,1,1,0,1,1
880,1,0,0,0,0,0,0,0,1,0,0,0,0,0
3497,3,0,0,0,0,0,0,0,0,0,0,0,0,0
2367,9,1,1,0,1,0,0,0,0,0,0,1,1,0
203,4,0,0,0,1,0,0,0,0,0,0,0,0,0
5134,2,0,1,0,0,0,0,0,0,0,0,0,1,1
3648,11,1,0,0,0,0,0,0,0,1,0,1,1,0
6151,0,0,0,0,0,0,0,0,0,0,0,0,0,0
3993,0,0,0,0,1,0,0,0,0,1,0,0,0,0
3934,2,1,0,0,0,0,0,0,0,0,0,0,0,0
4646,8,1,0,0,1,0,0,0,0,0,1,1,0,1
3144,6,1,0,0,1,0,0,0,0,0,0,1,1,0
5344,2,0,0,0,1,0,0,0,0,0,1,0,0,0
5935,0,0,1,0,0,0,0,0,0,0,1,0,1,1
4150,4,1,0,0,0,0,0,0,0,0,1,1,1,0
5228,0,1,0,0,1,0,0,0,0,0,1,0,0,0
5318,14,1,0,0,1,0,0,0,0,0,0,1,0,1
4180,0,1,0,1,1,0,0,0,0,1,1,0,0,0
5843,2,0,0,0,0,0,0,0,1,0,1,0,1,1
2504,2,0,0,0,1,0,0,0,0,0,1,0,0,0
641,19,1,1,0,1,0,0,0,0,1,0,1,1,0
2815,0,0,0,1,1,0,0,0,0,0,1,1,0,1
191,0,0,0,0,1,0,0,0,0,0,1,0,0,0
4187,10,1,0,0,1,0,0,0,0,0,0,1,1,0
2118,0,0,0,0,0,0,0,0,0,0,0,0,0,0
103,1,0,0,0,0,0,0,0,1,1,0,0,0,0
2434,3,1,0,0,1,0,0,0,0,1,1,0,1,1
4935,0,0,1,0,0,0,0,0,0,1,1,0,0,0
3303,1,0,0,1,0,0,0,0,0,0,0,0,0,0
903,19,1,1,0,1,0,0,0,0,0,0,1,0,1
2954,8,0,0,0,0,0,0,0,1,0,1,0,0,0
4340,0,1,0,1,1,0,0,0,0,1,0,0,1,1
200,11,1,0,0,1,0,0,0,0,0,1,1,1,0
17,13,1,1,0,1,0,0,0,0,0,0,1,1,0
3517,5,1,0,0,0,0,0,0,0,1,0,1,1,0
3048,4,0,0,0,0,0,0,0,0,1,0,1,0,1
5659,7,0,0,0,1,0,0,0,0,1,0,1,1,0
3228,19,1,1,0,1,0,0,0,0,0,0,1,0,1
801,1,1,0,0,0,0,0,0,0,0,0,0,0,0
635,10,1,0,0,1,0,0,0,0,0,1,1,0,1
4203,8,1,0,0,1,0,0,0,0,1,0,1,1,0
6168,0,0,0,1,1,0,0,0,0,0,0,0,0,0
1782,0,0,0,0,0,0,0,0,1,1,1,0,0,0
2926,3,1,0,0,0,0,0,0,0,0,0,1,1,0
2762,10,0,1,0,0,0,1,0,0,0,1,0,1,1
3487,0,0,1,0,0,0,0,0,1,1,1,0,0,0
5125,1,0,0,1,1,0,0,0,0,0,1,1,1,0
5070,1,0,0,0,1,0,0,0,0,1,0,0,0,0
2450,3,0,0,0,1,0,0,0,0,0,1,1,0,1
5556,2,1,0,1,1,0,0,0,0,0,0,1,1,0
1801,4,0,1,0,1,0,0,0,0,1,0,0,0,0
466,6,1,1,0,1,0,0,0,0,0,0,1,0,1
1619,1,0,1,0,1,0,0,0,0,0,0,0,0,0
5408,0,0,0,0,0,0,0,0,0,1,0,1,0,1
120,1,1,0,1,1,0,0,0,0,1,0,1,0,1
2995,0,0,0,0,1,0,0,0,0,1,0,0,0,0
5440,2,1,0,0,1,0,0,0,0,0,0,1,0,1
5446,0,0,0,1,1,0,0,0,0,0,0,0,0,0
5341,6,1,0,0,0,0,0,0,0,0,0,1,1,0
2867,1,0,0,0,1,0,0,0,0,0,1,0,0,0
580,3,0,1,0,0,0,0,0,0,0,0,0,1,1
1569,0,1,0,1,1,0,0,0,0,0,1,0,0,0
5025,3,0,0,1,0,0,0,0,0,0,1,1,1,0
4001,0,1,0,1,1,0,0,0,0,1,1,0,1,1
1164,0,1,0,0,0,0,0,0,0,0,0,1,0,1
5072,3,0,0,0,1,0,0,0,0,0,0,1,0,1
2573,7,1,0,0,1,0,0,0,0,0,0,1,1,0
4701,7,1,0,0,1,0,0,0,0,0,0,1,0,1
5894,0,0,0,0,0,0,0,0,0,1,0,1,0,1
714,4,0,1,0,0,0,0,0,0,0,1,0,0,0
2686,0,0,0,1,1,0,0,0,0,0,1,1,1,0
5071,0,0,0,1,1,0,0,0,0,0,0,0,0,0
3987,5,1,0,0,1,0,0,0,0,1,0,1,0,1
4891,2,0,0,0,0,0,0,0,0,0,0,0,1,1
1352,0,0,0,1,0,0,0,0,0,1,0,0,0,0
5343,1,1,0,0,0,0,0,0,0,0,1,0,0,0
4766,15,1,0,0,0,0,0,0,0,0,0,1,0,1
3009,1,0,1,0,1,0,0,0,0,0,1,0,0,0
5947,3,0,0,1,0,0,0,0,1,0,0,1,0,1
5825,0,0,1,0,0,0,0,0,0,1,1,0,0,0
1807,0,0,0,0,0,0,0,0,0,0,1,0,0,0
689,0,0,0,1,1,0,0,0,0,0,0,0,0,0
3108,1,0,0,0,0,0,0,0,0,0,1,0,0,0
152,1,0,1,0,0,0,0,0,0,0,1,0,1,1
3130,0,1,0,0,0,0,0,0,0,1,1,0,0,0
2151,1,0,1,0,0,0,0,0,0,0,0,0,0,0
5435,5,1,0,1,1,0,0,0,0,0,0,1,1,0
3856,1,0,1,0,0,0,0,0,0,1,1,0,0,0
4353,2,0,0,0,0,0,0,0,0,0,0,0,0,0
1250,1,0,0,0,0,0,0,0,1,0,1,1,0,1
817,0,1,0,1,0,0,1,0,0,1,1,0,1,1
4843,0,0,0,0,1,0,0,0,0,0,1,0,0,0
5577,10,1,0,0,1,0,0,0,0,0,0,1,0,1
1447,1,0,0,0,0,0,0,0,0,0,0,0,0,0
749,6,1,0,1,1,0,0,0,0,0,0,1,1,0
2001,0,1,0,0,0,0,0,0,0,0,1,1,0,1
2733,7,1,0,1,1,0,0,0,0,0,0,1,1,0
1908,0,0,0,0,0,0,0,0,0,1,0,1,0,1
5995,1,0,0,0,0,0,1,0,0,0,0,0,0,0
58,0,0,0,0,0,0,0,0,1,0,1,0,0,0
321,23,1,0,0,1,0,0,0,0,0,0,1,1,0
3759,1,1,0,0,0,0,0,0,0,0,0,0,0,0
37,2,0,0,0,0,0,0,0,0,0,1,0,1,1
2159,0,0,0,0,1,0,0,0,0,1,0,0,0,0
6066,0,0,0,0,0,0,0,0,0,0,0,0,0,0
4310,0,1,0,1,1,0,0,0,0,0,1,0,1,1
2272,3,0,0,0,1,0,0,0,0,0,1,1,0,1
2362,4,1,0,0,0,0,0,0,0,0,0,1,1,0
3216,2,0,0,0,1,0,0,0,0,0,0,0,0,0
4662,8,1,0,0,1,0,0,0,0,0,1,1,1,0
1005,2,0,0,0,0,0,0,0,0,0,0,0,1,1
737,0,1,0,0,1,0,0,0,0,0,0,0,1,1
5311,0,0,0,1,0,0,0,0,1,0,1,0,0,0
3237,3,1,0,0,0,0,0,0,0,0,0,1,1,0
2891,1,0,0,1,1,0,0,0,0,0,1,1,0,1
5319,1,0,0,0,1,0,0,0,0,0,0,0,0,0
5114,11,1,0,0,1,0,0,0,0,0,0,1,1,0
1373,1,0,1,0,0,0,0,0,1,0,0,0,0,0
2460,3,0,0,0,1,0,0,0,0,0,0,1,0,1
421,1,0,0,0,0,0,0,0,0,0,1,0,1,1
2907,0,0,0,0,0,0,0,0,0,0,0,0,0,0
673,22,1,0,0,1,0,0,0,0,0,0,1,1,0
5110,3,1,1,0,1,0,0,0,0,0,0,0,1,1
1423,0,0,1,0,1,0,0,0,0,0,0,0,0,0
907,2,1,0,0,1,0,0,0,0,0,0,1,0,1
3666,0,0,1,0,1,0,0,0,0,0,1,0,1,1
3307,4,1,0,0,1,0,0,0,0,0,0,1,1,0
1379,0,0,0,0,1,0,0,0,0,0,1,0,0,0
2723,0,1,0,0,1,0,0,0,0,0,0,0,0,0
3122,4,1,0,0,1,0,0,0,0,0,0,1,1,0
2244,4,0,0,0,0,0,0,0,0,0,1,1,0,1
3531,9,1,0,0,0,0,0,0,0,0,0,1,1,0
4548,5,1,0,0,1,0,0,0,0,0,0,1,1,0
4549,0,1,0,1,1,0,0,0,0,1,1,0,0,0
3199,9,0,1,0,1,0,0,0,0,0,0,0,0,0
336,9,1,0,0,1,0,0,0,0,0,0,1,1,0
1873,1,0,0,0,1,0,0,0,0,0,0,0,1,1
2636,1,0,0,0,0,0,0,0,0,0,0,0,0,0
5782,0,0,0,0,0,0,1,0,0,0,1,0,0,0
5815,1,1,0,1,1,0,0,0,0,1,0,1,1,0
499,1,0,0,0,0,0,0,0,1,0,0,0,0,0
5150,0,0,1,0,0,0,1,0,0,1,1,0,1,1
2441,9,0,0,0,0,0,0,0,0,0,1,0,1,1
4041,5,1,0,0,0,0,0,0,0,1,0,1,1,0
3633,0,0,0,0,0,0,0,0,0,1,1,0,1,1
2817,3,1,0,1,1,0,0,0,0,0,0,1,1,0
4838,0,0,0,0,0,0,0,0,0,0,0,0,0,0
4377,19,1,0,0,1,0,0,0,0,0,0,1,1,0
1724,16,1,0,0,0,0,1,0,0,0,0,1,1,0
5287,16,1,0,0,1,0,0,0,0,0,0,1,1,0
711,5,0,0,0,0,0,0,0,0,0,0,0,1,1
4533,15,1,1,0,1,0,0,0,0,0,0,1,1,0
100,0,0,0,1,1,0,0,0,0,0,0,0,1,1
5107,6,1,0,1,1,0,0,0,0,0,0,1,1,0
4772,8,1,0,0,1,0,0,0,0,0,1,1,0,1
3351,0,0,1,0,0,0,0,0,0,0,1,0,0,0
2700,3,0,1,0,0,0,0,0,0,0,1,0,1,1
2079,33,1,1,0,0,0,0,0,0,0,0,1,1,0
3003,1,0,0,0,0,0,0,0,0,1,0,0,0,0
5011,1,0,0,0,0,0,0,0,0,1,0,0,1,1
3329,0,0,0,1,0,0,1,0,0,0,1,0,0,0
5684,0,0,0,0,0,0,0,0,0,1,0,1,0,1
2549,0,1,0,0,1,0,0,0,0,1,0,0,1,1
5943,1,1,0,0,1,0,0,0,0,0,0,0,1,1
4614,0,0,0,0,0,0,0,0,0,0,0,0,1,1
5148,3,0,0,0,1,0,0,0,0,1,1,0,1,1
751,1,0,0,0,1,0,0,0,0,0,0,0,0,0
167,1,0,0,1,1,0,0,0,0,1,1,0,0,0
2708,0,0,0,0,0,0,1,0,0,1,1,0,0,0
3996,1,0,1,0,1,0,0,0,0,0,0,0,0,0
5707,1,1,0,0,1,0,0,0,0,1,1,0,1,1
4257,0,0,0,0,1,0,0,0,0,0,1,0,1,1
1968,1,0,1,0,0,0,1,0,0,0,0,0,1,1
4214,1,0,0,0,1,0,0,0,0,0,0,0,0,0
2516,10,1,0,0,0,0,0,0,0,0,0,1,1,0
2906,2,1,0,0,0,0,0,0,0,1,0,1,1,0
2124,1,0,0,0,0,0,0,0,0,0,0,0,1,1
5792,9,1,0,0,1,0,0,0,0,0,1,1,1,0
2056,1,0,0,0,0,0,0,0,0,0,0,0,0,0
825,0,0,0,1,1,0,0,0,0,1,0,0,0,0
1199,8,1,0,0,1,0,0,0,0,1,0,1,1,0
4849,6,1,0,0,1,0,0,0,0,0,0,1,1,0
1510,0,0,1,0,1,0,0,0,0,0,1,0,0,0
4490,8,0,0,0,0,0,1,0,0,0,0,1,1,0
1678,2,1,0,1,0,0,1,0,0,0,0,1,1,0
1328,10,0,0,0,1,0,0,0,0,0,0,0,1,1
2121,0,0,0,0,0,0,0,0,0,0,0,0,0,0
1504,0,0,1,0,0,0,0,0,0,0,1,0,0,0
1540,2,0,1,0,0,0,1,0,0,1,0,1,0,1
3972,11,1,0,0,1,0,0,0,0,0,1,1,1,0
3057,4,1,0,0,1,0,0,0,0,0,0,1,0,1
4309,1,0,1,0,1,0,0,0,0,0,0,0,0,0
5192,25,1,1,0,1,0,0,0,0,0,0,1,0,1
1147,3,0,0,0,1,0,0,0,0,0,1,1,0,1
3176,10,0,1,0,0,0,0,0,0,0,0,0,1,1
995,4,1,0,0,1,0,0,0,0,0,0,1,1,0
2696,1,1,0,0,0,0,1,0,0,0,1,0,1,1
233,3,1,0,1,1,0,0,0,0,0,1,1,1,0
1752,0,0,0,0,0,0,1,0,0,0,0,0,1,1
3000,4,0,0,0,1,0,0,0,0,0,1,1,0,1
2649,0,0,0,0,1,0,0,0,0,1,1,0,0,0
3035,1,1,0,1,1,0,0,0,0,0,0,1,1,0
991,3,1,0,0,1,0,0,0,0,1,0,0,1,1
3906,0,0,0,1,0,0,0,0,0,0,1,0,0,0
3551,8,0,1,0,0,0,0,0,0,1,0,0,1,1
4194,2,1,0,0,0,0,0,0,0,0,0,0,1,1
679,1,0,0,0,1,0,0,0,0,1,1,0,0,0
5710,0,1,0,0,1,0,0,0,0,0,1,0,0,0
5459,0,0,1,0,0,0,0,0,1,0,1,0,0,0
2842,0,0,0,1,1,0,0,0,0,0,0,0,1,1
207,14,1,0,0,1,0,0,0,0,0,0,1,0,1
4955,0,0,0,0,1,0,0,0,0,1,1,0,0,0
1483,1,0,0,0,0,0,0,0,0,0,1,0,1,1
4554,1,0,1,0,1,0,0,0,0,0,0,0,1,1
370,2,1,0,0,0,0,1,0,0,0,0,1,1,0
2316,3,1,0,1,0,0,0,0,0,0,1,1,1,0
3403,3,1,0,0,0,0,0,0,0,1,1,0,0,0
4292,0,0,0,1,1,0,0,0,0,0,1,1,0,1
4363,1,0,0,0,0,0,1,0,0,0,1,0,0,0
1634,0,0,0,0,0,0,0,0,1,0,1,0,0,0
820,5,1,0,0,1,0,0,0,0,0,1,1,1,0
2264,1,0,0,0,0,0,1,0,0,0,1,0,0,0
5762,1,1,0,0,1,0,0,0,0,0,1,0,0,0
1568,0,0,0,0,1,0,0,0,0,0,1,0,1,1
5955,0,1,0,1,1,0,0,0,0,0,1,0,1,1
2857,18,1,0,0,0,0,0,0,0,0,0,1,1,0
6142,2,1,1,0,0,0,0,0,0,1,0,0,0,0
416,0,0,0,0,0,0,0,0,0,0,1,0,1,1
4188,3,1,0,0,0,0,1,0,0,0,1,0,1,1
1867,2,1,0,0,1,0,0,0,0,0,0,1,1,0
4870,2,1,0,0,0,0,0,0,0,1,1,0,0,0
2971,8,1,0,0,1,0,0,0,0,0,1,1,0,1
857,0,1,0,0,1,0,0,0,0,0,0,0,0,0
6155,0,0,0,0,1,0,0,0,0,0,1,0,0,0
2410,7,1,0,0,0,0,1,0,0,0,0,1,0,1
1372,8,1,1,0,1,0,0,0,0,0,0,1,1,0
6137,0,0,0,1,0,0,1,0,0,0,1,0,0,0
1172,7,0,0,0,0,0,0,0,0,0,1,1,0,1
3563,1,1,0,0,1,0,0,0,0,0,1,0,1,1
3198,1,1,0,1,1,0,0,0,0,0,0,1,0,1
1714,1,0,0,0,0,0,0,0,0,0,1,0,0,0
1182,0,0,0,0,0,0,0,0,0,0,0,0,1,1
3921,0,0,0,1,1,0,0,0,0,0,0,0,0,0
4022,1,0,0,0,0,0,0,0,0,1,0,0,0,0
529,0,0,0,0,1,0,0,0,0,0,1,0,0,0
3185,0,0,0,0,0,0,0,0,0,0,1,0,1,1
333,0,1,0,1,1,0,0,0,0,0,1,0,1,1
6053,1,1,0,1,1,0,0,0,0,0,0,1,1,0
2297,0,0,1,0,1,0,0,0,0,0,0,0,1,1
5295,2,0,0,1,0,0,1,0,0,0,0,0,1,1
677,0,0,0,1,0,0,0,0,0,0,0,0,0,0
4362,3,1,0,0,0,0,0,0,1,0,0,0,1,1
4431,8,0,1,0,1,0,0,0,0,0,1,1,1,0
4825,0,0,0,0,0,0,1,0,0,0,1,0,0,0
5722,3,0,1,0,0,0,0,0,0,0,0,0,0,0
3346,1,0,0,0,0,0,0,0,0,0,0,0,1,1
1797,0,1,0,1,1,0,0,0,0,0,0,1,1,0
1124,0,1,0,0,0,0,0,0,0,0,0,1,1,0
5518,2,1,0,0,1,0,0,0,0,0,1,0,0,0
3271,16,1,0,0,1,0,0,0,0,0,0,1,1,0
4581,0,0,1,0,0,0,0,0,0,0,1,0,0,0
1361,0,1,0,1,1,0,0,0,0,0,0,1,1,0
5957,6,1,0,0,1,0,0,0,0,1,0,1,0,1
4469,5,0,1,0,0,0,0,0,0,0,1,0,0,0
3702,5,1,0,0,0,0,0,0,0,0,0,1,1,0
1302,2,1,0,1,1,0,0,0,0,1,1,1,1,0
2968,0,0,0,0,1,0,0,0,0,0,1,0,0,0
4185,0,1,0,1,1,0,0,0,0,0,0,1,0,1
2385,4,1,0,0,1,0,0,0,0,0,0,1,1,0
3958,6,0,0,0,1,0,0,0,0,0,1,1,1,0
1518,0,0,0,0,0,0,0,0,0,0,0,0,1,1
4301,0,0,0,1,1,0,0,0,0,0,0,0,0,0
2010,10,1,0,0,1,0,0,0,0,1,1,1,1,0
6129,1,0,1,0,0,0,0,0,0,1,1,0,0,0
6147,14,0,1,0,0,0,0,0,0,0,0,1,1,0
672,0,1,0,1,1,0,0,0,0,0,0,1,1,0
771,0,0,0,0,1,0,0,0,0,0,0,0,1,1
3511,5,0,0,0,0,0,0,0,0,0,0,0,0,0
6128,0,1,0,1,1,0,0,0,0,0,0,1,1,0
3783,2,0,0,0,0,0,0,0,0,0,0,0,1,1
917,0,0,0,0,0,0,0,0,0,0,0,0,0,0
3450,8,1,0,1,0,0,0,0,0,0,0,0,1,1
4998,5,1,0,0,0,0,0,0,1,1,0,1,1,0
4414,2,0,0,0,0,0,1,0,0,0,0,0,1,1
3242,1,0,0,0,1,0,0,0,0,1,0,0,1,1
2234,0,1,0,0,0,0,1,0,0,0,1,0,0,0
4153,1,0,1,0,0,0,0,0,0,0,0,0,0,0
1111,5,1,1,0,0,0,0,0,0,1,0,1,0,1
1366,0,0,0,0,0,0,0,0,1,0,1,0,0,0
5375,5,1,0,0,1,0,0,0,0,0,1,1,0,1
622,0,0,0,0,1,0,0,0,0,0,0,0,0,0
3799,1,0,0,0,1,0,0,0,0,1,0,0,0,0
4668,0,0,0,0,0,0,0,0,0,0,0,0,0,0
2909,4,0,0,0,1,0,0,0,0,0,1,1,1,0
1486,4,0,1,0,1,0,0,0,0,0,1,0,0,0
1638,1,0,0,0,1,0,0,0,0,0,1,0,0,0
5178,0,1,0,1,0,0,0,0,0,1,1,0,0,0
1789,0,0,0,0,1,0,0,0,0,1,1,0,0,0
2822,7,1,0,1,0,0,0,0,1,0,0,1,1,0
2654,2,0,0,0,0,0,1,0,0,0,1,0,1,1
2097,1,1,0,0,1,0,0,0,0,0,0,0,1,1
1883,9,1,1,0,0,0,1,0,0,0,0,1,1,0
4688,10,1,0,0,0,0,0,0,0,0,1,1,1,0
4463,2,0,0,0,0,0,0,0,0,0,0,0,0,0
304,1,0,0,0,0,0,1,0,0,0,0,0,0,0
4588,0,1,0,1,1,0,0,0,0,1,0,0,0,0
4980,2,1,0,1,1,0,0,0,0,0,0,1,0,1
2910,0,0,0,0,1,0,0,0,0,0,0,0,1,1
5242,0,1,0,1,1,0,0,0,0,0,0,1,0,1
4883,0,1,0,0,0,0,0,0,0,0,0,1,0,1
1329,0,0,0,1,1,0,0,0,0,0,0,0,0,0
4125,2,0,0,0,0,0,0,0,0,1,1,1,0,1
3915,1,0,1,0,0,0,1,0,0,0,0,0,1,1
1090,0,0,0,0,0,0,0,0,1,0,0,0,0,0
5409,13,1,0,0,1,0,0,0,0,0,0,1,1,0
3145,1,0,0,0,0,0,0,0,0,0,0,0,0,0
1189,2,0,0,0,1,0,0,0,0,1,0,0,0,0
2158,7,0,0,0,1,0,0,0,0,1,0,1,0,1
894,0,1,0,0,1,0,0,0,0,1,0,0,0,0
2567,13,0,1,0,1,0,0,0,0,0,0,1,1,0
2955,0,0,0,0,0,0,0,0,0,1,1,0,0,0
4934,1,0,0,1,0,0,0,0,0,0,0,0,0,0
6088,0,0,0,0,0,0,0,0,0,1,1,0,0,0
2443,18,1,1,0,1,0,0,0,0,0,1,1,1,0
4502,10,1,0,0,0,0,0,0,0,0,0,1,1,0
5656,0,0,0,1,0,0,0,0,1,1,0,0,0,0
3657,2,0,0,1,0,0,1,0,0,1,1,0,0,0
1079,1,0,0,1,1,0,0,0,0,0,0,1,0,1
1462,1,0,0,0,1,0,0,0,0,1,1,0,0,0
1254,1,0,1,0,1,0,0,0,0,1,0,0,0,0
3113,0,0,0,0,1,0,0,0,0,1,0,0,0,0
3089,0,1,0,0,0,0,0,0,0,1,0,0,0,0
2676,10,1,0,0,1,0,0,0,0,1,0,1,1,0
5443,1,1,0,1,1,0,0,0,0,0,0,1,1,0
985,2,1,0,1,0,0,1,0,0,0,0,1,1,0
4899,7,1,0,0,1,0,0,0,0,0,0,1,1,0
1272,0,0,0,0,0,0,0,0,0,0,0,0,0,0
2449,0,0,1,0,0,0,0,0,0,0,0,0,0,0
1393,0,0,0,1,1,0,0,0,0,0,0,0,0,0
2718,3,0,0,0,1,0,0,0,0,1,0,1,0,1
2758,4,0,0,0,1,0,0,0,0,0,0,0,1,1
1280,11,1,1,0,0,0,0,0,0,0,1,0,0,0
678,1,1,0,1,1,0,0,0,0,1,1,0,1,1
307,2,1,0,1,0,0,0,0,0,0,1,1,1,0
1519,4,0,0,0,0,0,0,0,0,0,1,1,0,1
3553,3,1,1,0,1,0,0,0,0,0,0,0,1,1
3977,0,1,1,0,0,0,0,0,0,0,0,1,0,1
3046,4,1,0,1,1,0,0,0,0,1,0,1,1,0
4282,0,0,0,0,1,0,0,0,0,0,0,0,0,0
598,0,0,0,0,1,0,0,0,0,0,0,0,0,0
5614,3,1,0,1,1,0,0,0,0,0,0,1,1,0
608,1,1,0,1,0,0,1,0,0,0,0,1,0,1
2894,13,0,1,0,0,0,0,0,0,0,0,0,0,0
3655,0,0,0,1,0,0,0,0,1,0,0,0,1,1
773,0,0,1,0,0,0,0,0,0,1,1,0,0,0
3542,5,1,0,0,1,0,0,0,0,0,0,1,1,0
1843,5,1,0,0,0,0,0,0,0,0,0,1,1,0
2552,0,0,0,1,0,0,0,0,0,0,0,0,1,1
4312,0,0,0,0,0,0,0,0,0,1,1,0,0,0
4101,0,1,0,0,1,0,0,0,0,0,0,0,0,0
1183,0,0,0,0,0,0,0,0,0,1,0,1,1,0
1941,1,1,0,1,0,0,0,0,0,0,0,1,1,0
4570,0,1,0,0,0,0,0,0,0,0,1,1,1,0
2787,4,1,0,0,1,0,0,0,0,0,0,1,1,0
3765,1,1,0,0,0,0,0,0,0,1,0,0,0,0
2913,0,0,0,1,1,0,0,0,0,0,0,0,1,1
2472,1,0,1,0,0,0,0,0,0,0,1,0,1,1
3917,1,1,0,0,0,0,1,0,0,0,1,0,0,0
5095,0,0,0,1,0,0,1,0,0,0,0,0,1,1
2337,0,0,1,0,0,0,0,0,0,0,0,0,0,0
2004,1,0,1,0,0,0,0,0,0,0,0,0,0,0
4462,2,0,0,0,0,0,0,0,0,0,1,0,0,0
1943,1,0,0,1,1,0,0,0,0,0,0,1,1,0
2298,7,1,0,0,0,0,0,0,0,0,0,1,1,0
6131,0,0,0,0,0,0,0,0,0,0,1,0,1,1
1006,0,0,0,0,0,0,1,0,0,0,0,0,0,0
5908,1,1,0,1,1,0,0,0,0,0,1,1,0,1
2929,9,1,1,0,0,0,1,0,0,0,1,0,1,1
1440,1,1,0,0,0,0,0,0,0,1,0,0,1,1
3714,0,0,0,1,0,0,0,0,0,0,1,0,0,0
4165,0,0,0,1,1,0,0,0,0,0,0,0,0,0
5075,5,1,0,0,0,0,0,0,0,0,0,1,1,0
1238,3,1,0,1,0,0,0,0,0,0,0,1,1,0
2563,0,0,0,0,0,1,0,0,0,0,1,0,0,0
1150,0,0,0,0,1,0,0,0,0,0,0,0,0,0
3753,0,1,0,1,1,0,0,0,0,0,0,1,0,1
888,0,0,0,0,1,0,0,0,0,0,0,0,0,0
1283,2,0,0,0,0,0,0,0,1,0,0,0,1,1
600,2,1,1,0,0,0,0,0,0,1,0,0,0,0
4258,2,0,0,0,0,0,0,0,1,0,1,0,0,0
691,14,1,0,0,1,0,0,0,0,0,0,1,1,0
6078,0,0,0,0,0,0,0,0,1,0,1,0,0,0
4056,5,1,0,0,1,0,0,0,0,0,1,1,1,0
2170,1,0,0,1,0,0,0,0,0,0,0,0,0,0
409,1,0,1,0,0,0,1,0,0,0,0,0,0,0
106,3,1,1,0,0,0,0,0,0,0,1,0,0,0
5613,0,1,0,1,1,0,0,0,0,1,0,0,0,0
3084,0,0,0,0,1,0,0,0,0,0,1,0,0,0
1493,3,0,0,0,0,0,0,0,0,1,0,1,0,1
2039,1,0,0,0,1,0,0,0,0,0,0,0,1,1
4039,7,1,0,0,1,0,0,0,0,0,0,1,1,0
4013,2,1,0,0,1,0,0,0,0,1,1,0,0,0
5288,1,0,0,0,0,0,0,0,0,0,1,0,1,1
4959,2,1,0,1,1,0,0,0,0,0,1,1,1,0
4719,18,1,0,0,1,0,0,0,0,0,0,1,1,0
4406,11,0,0,0,1,0,0,0,0,0,1,1,1,0
5593,0,1,0,1,1,0,0,0,0,0,0,1,1,0
4389,13,1,0,0,0,0,0,0,0,0,0,1,1,0
275,0,1,0,0,1,0,0,0,0,1,0,0,0,0
4379,7,1,0,0,1,0,0,0,0,0,0,1,1,0
5143,0,1,0,1,1,0,0,0,0,0,0,1,0,1
1459,0,0,0,0,1,0,0,0,0,0,1,0,1,1
5718,0,1,0,0,1,0,0,0,0,0,1,0,0,0
1900,3,0,1,0,1,0,0,0,0,0,1,0,1,1
3120,11,1,0,0,1,0,0,0,0,0,1,1,1,0
4901,0,1,0,1,0,0,0,0,0,1,1,0,0,0
4585,1,1,0,1,1,0,0,0,0,0,1,1,0,1
970,0,0,0,0,0,0,0,0,0,0,1,0,0,0
3678,1,0,0,0,0,0,0,0,0,0,0,0,0,0
2050,1,1,0,0,1,0,0,0,0,0,1,0,0,0
3088,5,1,0,0,0,0,0,0,0,0,0,1,1,0
3264,7,1,0,0,1,0,0,0,0,0,0,1,1,0
4732,0,1,0,1,1,0,0,0,0,1,1,0,0,0
2315,0,1,0,0,1,0,0,0,0,0,0,0,0,0
5430,0,0,0,1,0,0,0,0,0,0,0,0,0,0
112,0,0,0,0,0,0,0,0,0,0,1,0,1,1
666,0,1,1,0,0,0,0,0,0,0,0,1,0,1
4061,0,0,0,1,0,0,0,0,0,0,0,0,1,1
4252,9,1,1,0,0,0,0,0,0,0,1,0,1,1
4288,1,1,0,0,0,0,0,0,0,0,0,0,1,1
2680,8,1,0,0,0,0,0,0,0,1,0,1,1,0
77,9,1,0,0,1,0,0,0,0,0,0,1,1,0
124,8,1,0,0,1,0,0,0,0,0,1,1,1,0
2643,0,1,0,1,1,0,0,0,0,0,0,1,1,0
202,0,0,0,1,1,0,0,0,0,0,0,0,0,0
1617,0,0,0,0,1,0,0,0,0,0,1,0,0,0
2465,3,0,1,0,0,0,0,0,0,0,0,0,0,0
5859,5,0,0,0,1,0,0,0,0,1,0,0,1,1
2691,2,1,0,0,0,0,0,0,0,0,0,0,0,0
3442,4,0,0,0,0,0,0,0,0,0,1,1,0,1
3227,0,0,0,0,0,0,1,0,0,0,0,0,0,0
4175,0,1,0,0,0,0,0,0,1,0,0,1,1,0
6025,0,0,1,0,0,0,0,0,0,1,1,0,0,0
578,3,0,0,0,1,0,0,0,0,0,0,1,0,1
2053,0,0,0,0,1,0,0,0,0,1,0,0,0,0
3647,1,1,0,0,1,0,0,0,0,1,0,0,0,0
1563,0,0,1,0,0,0,0,0,0,0,0,0,0,0
2046,16,1,1,0,1,0,0,0,0,0,0,0,1,1
2721,3,0,1,0,1,0,0,0,0,0,0,0,0,0
2979,5,1,0,0,1,0,0,0,0,0,0,1,0,1
2912,10,1,1,0,0,0,0,0,0,1,0,1,1,0
1214,6,0,0,0,0,0,0,0,0,1,0,1,1,0
4202,3,0,0,0,1,0,0,0,0,0,1,1,1,0
4559,7,1,0,1,1,0,0,0,0,0,1,1,1,0
2677,5,0,0,0,0,0,0,0,1,0,0,1,0,1
2895,9,1,0,0,1,0,0,0,0,0,0,1,1,0
1994,0,0,0,0,0,0,0,0,0,0,1,0,1,1
3007,0,1,0,1,1,0,0,0,0,0,0,1,1,0
1939,1,0,0,0,0,0,0,0,0,0,1,0,1,1
1901,5,0,0,0,1,0,0,0,0,0,0,0,1,1
3808,13,0,0,0,0,0,0,0,0,0,0,1,1,0
4450,10,1,0,0,1,0,0,0,0,0,0,1,1,0
5936,8,0,0,0,1,0,0,0,0,0,1,1,1,0
1517,5,1,0,0,1,0,0,0,0,0,1,1,0,1
1893,0,0,1,0,0,0,0,0,0,0,1,0,0,0
5170,7,1,0,0,1,0,0,0,0,0,1,1,0,1
4243,0,0,1,0,0,0,0,0,0,1,1,0,0,0
5315,0,0,0,1,0,0,0,0,0,0,1,0,0,0
3715,0,0,0,0,0,0,0,0,0,1,1,0,0,0
570,0,0,0,0,1,0,0,0,0,0,1,0,0,0
2020,3,1,0,0,1,0,0,0,0,0,1,1,0,1
1979,0,0,0,1,0,0,0,0,0,0,0,0,0,0
2283,0,0,0,0,0,0,0,0,0,0,1,0,0,0
3552,3,0,0,0,0,0,1,0,0,0,0,0,1,1
709,1,1,0,1,1,0,0,0,0,0,1,1,1,0
4871,1,1,0,0,1,0,0,0,0,1,0,0,0,0
31,4,1,0,0,0,0,0,0,0,1,1,1,1,0
4565,0,0,0,1,0,0,0,0,0,0,0,0,0,0
3534,3,1,0,0,0,0,0,0,0,0,0,1,1,0
2333,0,0,0,0,0,0,0,0,0,0,0,0,0,0
5321,16,1,0,0,1,0,0,0,0,0,0,1,1,0
4730,0,1,0,0,0,0,0,0,0,0,0,1,0,1
3149,0,0,0,0,0,0,0,0,0,0,0,0,0,0
3358,6,1,0,0,0,0,0,0,0,0,0,1,0,1
3139,0,0,1,0,0,0,0,0,0,0,1,0,1,1
5048,7,1,1,0,0,0,0,0,0,0,0,1,0,1
1263,0,0,0,0,0,0,1,0,0,0,1,0,1,1
2448,1,1,0,0,0,0,0,0,0,0,0,0,0,0
2877,9,1,0,0,0,0,0,0,0,0,0,1,0,1
5122,5,0,0,0,1,0,0,0,0,0,0,0,0,0
1754,0,0,0,0,0,0,0,0,0,0,0,0,0,0
