,x,y,errors,class
0,8.140322380898326,3.8756314360216395,0,0
1,7.651525584012158,6.614555574214917,0,0
2,7.924531581640384,2.980851237819728,0,0
3,7.748018063076563,3.6701368283332423,0,0
4,7.841241814734451,0.7868658107113906,0,0
5,7.7699798488798715,3.095382684170451,0,0
6,8.00605108830789,3.5545064488366265,1,0
7,7.801611353656493,6.935621235518777,1,0
8,7.439252647980544,2.2456658037980666,0,0
9,7.87951687443954,4.679579981537794,0,0
10,7.6699380525147784,1.2194309561678485,1,0
11,8.441108313794057,4.770692441250428,1,0
12,8.049596036130096,5.51059730097737,0,0
13,7.20116783657587,6.413748695125516,0,0
14,7.773833622973122,4.141485704395035,1,0
15,7.70495408496748,4.627708045466948,1,0
16,8.019025830996632,2.3567573555706827,0,0
17,7.757091152823437,4.374349655183889,0,0
18,7.925303577544807,4.946098851322126,0,0
19,7.444774918880974,5.926371500410667,0,0
20,8.32286063614818,3.983830414961326,0,0
21,7.751942566343174,2.5121556420044384,0,0
22,8.05953618640369,4.217327134579118,0,0
23,7.83921661766708,5.532559689893263,0,0
24,8.175011426289503,3.994561973881919,0,0
25,7.960399410153632,5.7558011810702805,0,0
26,8.083251939750271,5.168675971605998,0,0
27,8.08809117732129,3.7554180705567703,1,0
28,7.1938960203849875,2.9457780183418683,0,0
29,8.025056200009374,5.466682048615444,0,0
30,8.090768226943998,1.750709480770027,0,0
31,7.838707851503425,8.318712963370299,1,0
32,7.902182213967935,2.798083179042872,0,0
33,7.737190189639492,6.1493723088772185,0,0
34,7.592589938629903,4.289921578712356,0,0
35,7.956948738500362,5.196620734143092,0,0
36,7.664381215781208,4.509256230411257,1,0
37,8.253296951107126,2.0994299215627144,0,0
38,7.63604776249586,5.740182272002301,0,0
39,8.228273632263894,0.9638723536723135,0,0
40,7.853698621494698,4.35207312770101,0,0
41,7.658037281247894,3.0268581445540885,0,0
42,7.5768909141449265,2.912425075230213,1,0
43,8.132725198706197,3.55018356474491,0,0
44,7.77390318331932,5.038272456182757,0,0
45,7.329500443749418,2.3823723247245407,0,0
46,8.33663073901785,4.282607955813044,0,0
47,8.308223531076809,3.430270427665489,1,0
48,8.789915922801057,3.0451193839393706,0,0
49,8.008031691042058,2.9464128328120642,1,0
50,8.290589246339065,3.9899330719370143,0,0
51,8.215573412412828,3.9430566971514867,0,0
52,8.5691317352607,4.69075437206595,1,0
53,7.816327752238879,2.153383558124319,0,0
54,8.485648176092702,4.319001340757682,0,0
55,8.673051699801615,4.8946199922033715,0,0
56,7.662851038792569,5.444898555549149,0,0
57,8.23702465450317,4.927044785115151,0,0
58,8.20001573924442,3.1827684730615147,1,0
59,8.102887713414255,4.323802665768106,0,0
60,7.856722533868106,6.177500344384854,1,0
61,7.463993967827556,1.534022215859511,0,0
62,8.94298959672834,6.147165404665776,0,0
63,7.956048968988913,5.831077083340501,0,0
64,8.156820398945815,7.899695999168465,0,0
65,8.240323712266967,7.061989866041225,0,0
66,8.033805778457939,4.072567100271228,0,0
67,7.7939505203106005,6.35710793601575,0,0
68,7.786311284081811,3.1572252306763575,0,0
69,7.610190564611678,1.5111440185767608,1,0
70,7.983944099037672,4.271357413999832,0,0
71,7.670286810729728,-0.08389085333493718,1,0
72,8.166329888454769,3.957506821159783,1,0
73,7.868070204930801,6.875677574451677,0,0
74,8.423082609144753,3.8653454185865033,0,0
75,6.934777498955431,2.576025270123158,1,0
76,7.921293172419285,3.024471787742388,0,0
77,7.5195016067005565,3.702876841133126,0,0
78,8.117620699683759,1.6194053887309976,1,0
79,7.993456559656396,3.8070491069296875,0,0
80,7.763661802654168,1.448309529217073,0,0
81,8.39573105877545,5.476988725037301,0,0
82,7.998270926161941,3.6710379814930167,0,0
83,7.74695237361172,5.646934640066736,1,0
84,9.070786418660937,6.387036532497171,1,0
85,8.323723052111585,0.7541519727655595,0,0
86,8.341911159637702,3.441902991608447,0,0
87,8.305693714609466,4.605281384307729,0,0
88,7.869882009369828,6.798767067706026,0,0
89,8.025835949632752,5.734609233142168,0,0
90,7.8012062290358575,5.234930658703357,0,0
91,8.524547760374526,4.275198133220695,1,0
92,7.815918494129407,0.7275595521429659,0,0
93,7.531160967554986,0.41819338472742373,1,0
94,7.175498687621246,4.425138072933093,0,0
95,8.587544151490869,5.53526340707565,0,0
96,7.324093183565305,6.602101081196636,0,0
97,7.785306598156394,1.9146336841221796,0,0
98,6.623146299093603,4.838664789825001,0,0
99,7.884814266510752,4.737853916707,0,0
100,7.295149842371327,4.9036715971618685,0,0
101,8.242986705137733,2.2852026748374503,0,0
102,8.425859226679915,3.8549640500077533,0,0
103,7.35176672274085,3.428436288780494,0,0
104,8.883696474392895,4.248470380398674,1,0
105,7.779974588243699,1.8940275806277587,1,0
106,8.783756208539609,6.5430998152562,0,0
107,8.110682207616684,2.7810443353053653,0,0
108,7.110589256174361,6.441015524559619,1,0
109,8.173387372588996,6.50863320132739,0,0
110,8.359295870343844,4.396606800375597,0,0
111,8.113203906064157,2.869415265988391,0,0
112,7.517202287742957,5.200360672564157,0,0
113,8.257975717542447,6.038726150915844,0,0
114,7.914935034397032,2.715781424305953,0,0
115,8.95509215972703,5.100482211657074,1,0
116,7.975251990974971,2.214939770656118,0,0
117,7.591171642789328,4.782351232185268,0,0
118,7.579159062313704,4.864931500944064,0,0
119,7.6527220123364454,8.473211732877495,0,0
120,7.057481379990215,2.9349291788791287,0,0
121,7.886998932650848,7.505542342619406,1,0
122,7.421730236007678,4.49556363357413,1,0
123,8.03094628553434,2.561748669278255,1,0
124,8.120482030227809,7.419981505160164,1,0
125,8.464428544554352,2.0656689070149326,0,0
126,7.589591460719089,2.851364320213855,1,0
127,8.261696475963113,0.939173930953292,0,0
128,8.213683836156743,5.897483607955354,0,0
129,8.242341959272162,5.795530604576784,0,0
130,7.663974279896152,1.7438754546651198,0,0
131,7.623038763530382,1.912033978030376,0,0
132,7.8378111771618615,5.146593398251402,0,0
133,9.28993060445911,2.869283801346861,1,0
134,6.968834010732901,7.541510882442585,1,0
135,6.858232780202059,3.0340244529815767,0,0
136,8.505066240603435,4.133763092321931,0,0
137,7.232475128804205,4.680500809377681,0,0
138,8.186233410810239,9.242655883727885,1,0
139,8.079703301267434,3.23106767013483,1,0
140,8.669322798948476,-1.1594683435300697,0,0
141,8.019101574090834,4.817918050577093,0,0
142,7.244216496350714,6.771535127583881,0,0
143,7.761226515017731,1.678210684087884,0,0
144,8.103318511021516,7.685825361230169,0,0
145,8.484507637054309,4.530147865187182,0,0
146,7.382802602798579,4.486082953867143,0,0
147,8.79527690882154,6.048565566525422,0,0
148,7.616616723326983,5.941947700950048,0,0
149,7.991255754238589,6.124728689782942,0,0
150,8.228331155517585,3.077386766088291,1,0
151,7.6618472098296575,3.94674414693125,0,0
152,7.273331750158558,3.647509319013116,0,0
153,7.4786937832319245,5.550491679135751,0,0
154,7.847883225265012,2.6553918915741566,0,0
155,8.108704116997785,9.386852935733458,0,0
156,8.19347597937315,3.242808888866238,0,0
157,8.460898326806767,7.791609052516037,0,0
158,7.615099962564121,2.447146803570153,0,0
159,8.108829254034232,6.108678160389104,1,0
160,7.3684348061129255,3.624683947261204,0,0
161,7.042951321848114,4.8832451327630375,1,0
162,9.076100961727185,7.529690552329238,1,0
163,8.663586751923559,7.097598587882667,0,0
164,8.343137792185752,7.775298928861265,0,0
165,7.620158104439765,4.451960055782781,0,0
166,8.515204134783778,4.012095792744034,0,0
167,7.630673499864533,3.6233569902538827,0,0
168,8.102184671468141,4.023881104068006,0,0
169,8.144720577405623,1.531052655919662,1,0
170,8.398603645797081,3.537330350983127,0,0
171,8.11303527885532,3.8460545077915187,0,0
172,7.946150612403297,4.639235893239064,0,0
173,8.305698066133871,5.3733363037674975,1,0
174,8.102954648265879,6.245420063523264,0,0
175,7.987403554947581,3.905015278626129,0,0
176,8.584218647780705,3.9205979063288243,1,0
177,7.3925998870309675,4.57544554031744,1,0
178,7.825661095901757,4.426883474025416,0,0
179,6.68070473862427,2.078790870061144,0,0
180,8.38504155511293,3.8797963598787986,0,0
181,7.192325265334469,3.443634835331274,0,0
182,7.362597372269045,2.529536896568111,0,0
183,8.828370121998201,2.3658760587834857,0,0
184,8.053102438973355,3.724844948140224,0,0
185,7.46597486846621,0.023940312303517786,0,0
186,7.679499006759608,1.350057920184867,0,0
187,7.775081002532508,3.3324773302832753,1,0
188,7.807826178183676,1.5291519935685978,0,0
189,7.859577836330135,3.326311105459627,0,0
190,8.35261860672989,2.811008685195847,1,0
191,7.661664691266183,3.8694072875570718,0,0
192,7.5118786139636065,2.6439683382221775,0,0
193,8.2242428454406,5.414078396739783,0,0
194,7.872671625379594,8.96686743026266,0,0
195,8.408410425797186,4.606429345385718,0,0
196,8.294226725110802,2.229253809687436,0,0
197,7.9831982476874375,2.4881128958706418,0,0
198,8.20954639322515,5.984853171152533,0,0
199,8.95501394012232,3.7097300766917156,0,0
200,8.431325422189474,4.155514302032653,1,0
201,8.435855361922721,2.326202303166796,0,0
202,8.138006251364935,3.3267291391494274,0,0
203,7.408960358185687,4.819147894924799,0,0
204,7.916161001439769,3.3409918944208425,0,0
205,8.070702663914453,4.895844712937155,0,0
206,8.249885916397293,6.394670686105844,0,0
207,7.735427294108357,1.3339235061878751,0,0
208,8.560602610435827,4.180338875947635,0,0
209,7.991307865971278,5.552776342266977,0,0
210,7.843077610336322,3.8592528928575676,0,0
211,7.510519273255399,3.3238437020317297,0,0
212,7.715512678591416,4.973334363101071,0,0
213,8.059242162420258,7.823233644475164,0,0
214,8.036878085424302,6.587019836958464,0,0
215,8.177297696260164,5.990744777746274,0,0
216,8.01079540887528,3.3774368780186683,0,0
217,8.160227851220181,6.71590748959086,0,0
218,7.855282137893917,4.783843178367924,0,0
219,7.433771519002934,4.827817792606547,0,0
220,7.854781138168572,0.770511081426394,0,0
221,7.672374986411852,5.546700527171458,0,0
222,7.358493160611557,4.364379127505769,1,0
223,8.89200195600614,3.360556048184242,1,0
224,8.373806285381892,4.007692629681633,0,0
225,8.422371282487882,5.747377262887229,0,0
226,7.662934895620643,3.159982579038852,1,0
227,7.844003180896597,5.702263336829682,0,0
228,7.539807599125773,6.137181006159009,1,0
229,8.271682102668404,2.2664726425409105,0,0
230,7.245315005550372,6.1556613929054524,0,0
231,7.6680188697446265,4.7949549576284864,1,0
232,7.941504645778386,5.508797574166354,0,0
233,7.711518601086493,3.8866874303995576,1,0
234,8.384171329814464,4.477987832982018,1,0
235,8.273581311392364,4.263315987235471,1,0
236,7.847502579555621,2.653994253411633,0,0
237,8.36686504421828,3.416525286979036,0,0
238,8.039141240140289,2.057599305721709,0,0
239,7.874601549753797,1.5135018789238543,0,0
240,8.798755076036109,2.987416433829458,1,0
241,7.442020974017985,5.829741092118428,0,0
242,8.267776245726786,2.8587303191135085,0,0
243,8.76444165498001,6.703455945105935,0,0
244,6.545205979042176,6.33483233270013,1,0
245,7.990906732986795,5.2635462222215565,0,0
246,8.31190917623312,2.4643645001511887,0,0
247,8.182568961129974,4.618426119230412,0,0
248,7.8313118713449414,4.735740625678246,1,0
249,8.488828651213563,5.386541672160133,0,0
250,7.7983779367657196,3.779651842655724,0,0
251,7.402255026717902,6.2095594080106835,1,0
252,7.962018614718366,3.8871732194287256,0,0
253,8.670349188618893,1.447317959324801,1,0
254,9.095352226578594,2.622131366347745,0,0
255,7.991857806957398,7.294330633762923,0,0
256,8.713301941358102,5.358772459491389,0,0
257,7.730154114759191,5.1955518374939675,0,0
258,7.672268573073436,2.6756162823087375,0,0
259,8.624845167421961,-0.7907029567565571,1,0
260,8.200239124012421,1.6696264966522252,1,0
261,7.937080263403509,3.71582349140586,1,0
262,7.633568139869301,1.7200954210755501,1,0
263,8.136866056726648,3.1886633743230037,0,0
264,8.173010231521378,1.9246114652869184,0,0
265,7.922035201028292,4.727963543733114,0,0
266,7.748372644333797,4.493780286655197,0,0
267,7.334840623764882,6.732080897179808,0,0
268,8.120142103682499,1.590756333033911,0,0
269,8.414091780469729,3.460737076112158,0,0
270,7.338128829393986,5.951049409018561,0,0
271,8.311246708027314,5.3066637200250115,0,0
272,7.769820081467556,1.7097429012942547,0,0
273,7.464949167568398,10.367451641673048,0,0
274,7.751634697496678,3.6814152785768934,0,0
275,7.836629968033609,6.710889960837925,0,0
276,7.628285891674753,1.336491306589945,1,0
277,8.347165138934942,2.4064044001703766,0,0
278,8.258145272036678,2.985018765085715,0,0
279,7.463912591306407,4.075114828706981,1,0
280,7.822442351385438,6.214504094095666,1,0
281,7.843838887750973,6.068824086897141,0,0
282,7.849360868556569,5.901164639184479,0,0
283,8.183090390271573,1.3960141783547342,0,0
284,7.490939780205375,3.0286869085340786,0,0
285,8.142816319451969,4.115796419299043,0,0
286,8.519235424881224,4.094905234151528,0,0
287,8.189389455948486,7.103933443135972,0,0
288,7.774592555379873,3.8328639153377995,0,0
289,7.919350495549193,5.144598061762958,0,0
290,7.398356416203422,4.320495770954188,0,0
291,7.576006645544681,5.245437102139546,0,0
292,7.8926491913798165,7.087419299593963,1,0
293,7.468695744369379,1.2632623388905833,1,0
294,8.713542598528706,-0.5023870108220141,0,0
295,7.536409984035456,6.005186867192249,0,0
296,8.254889980776547,4.938906529318516,1,0
297,8.657043810849252,4.996077079408477,0,0
298,8.693205849457387,5.28135647707096,0,0
299,7.2547540351127,2.6962282074968478,0,0
300,6.785876825007149,2.0549535661529554,0,0
301,8.053175767086595,5.464571765441833,0,0
302,7.017245298459803,4.414862095334478,0,0
303,8.163164230935651,3.8238450516880533,0,0
304,7.963847447724077,8.07434222116349,1,0
305,8.086012994415148,3.6810353348733393,0,0
306,7.274178520439285,4.061277700745426,0,0
307,8.081660336772261,5.00188512703818,0,0
308,8.500142033576033,3.5396219050009026,0,0
309,7.63116620294594,4.8951520357781995,0,0
310,8.223533556442707,6.454066036035909,0,0
311,8.141680402123747,3.167629415844276,1,0
312,8.195296822643103,6.212250612383429,0,0
313,7.1383813103214395,3.2384642400439936,0,0
314,8.227193659037429,4.391759999438249,0,0
315,7.837425239194311,7.88636563620212,0,0
316,7.60427194211059,1.7032902349738577,1,0
317,8.088246076816612,5.742321613599685,0,0
318,7.228925931844051,4.852733804224082,0,0
319,7.05598245529532,2.197309997067187,0,0
320,7.592676321333153,4.605059062858948,0,0
321,8.817579233664715,7.227267554164117,0,0
322,8.398871359316058,3.398226265371616,0,0
323,7.886573783989776,4.0661972304595375,0,0
324,8.231705957333409,3.198100811369578,0,0
325,8.615848947273747,3.8129312162982654,0,0
326,7.495907690164328,1.5046393160322609,1,0
327,7.9168043267241055,7.259096521075387,1,0
328,7.233051856380321,8.78076748375537,0,0
329,7.892706576565301,5.698720004679182,0,0
330,7.880960983492382,3.5268238142334547,1,0
331,7.7523169204668845,3.9855255528267266,0,0
332,7.440790946704056,2.574846998877602,0,0
333,7.426846341189016,5.426730904646732,0,0
334,8.225491823517222,-1.9938668637676678,0,0
335,8.628958186214696,5.05526114478649,0,0
336,7.4716572804178565,5.321783511359683,0,0
337,7.089820893312657,6.853080513476614,0,0
338,7.748220181496206,4.64594829188324,1,0
339,9.230641838865857,2.7047774452595137,0,0
340,8.43253786873282,5.570880856176299,1,0
341,7.677859532843619,4.011913754538229,0,0
342,9.238449001071825,2.8791193859897515,0,0
343,8.471462649145378,4.259477539315754,0,0
344,7.764538896868249,3.247986991791404,0,0
345,8.045419732457917,6.828934916495921,0,0
346,8.206212941082107,3.0791190170297003,1,0
347,7.38304829423855,5.496173674452554,0,0
348,6.809541426570412,5.228598309443779,0,0
349,8.402032849430542,7.851667769969373,0,0
350,7.525730746214859,2.3100975774817343,0,0
351,8.578558119704816,6.25389626376623,1,0
352,8.42623476377623,5.456175944735156,0,0
353,7.735153414207438,4.4875474225388094,0,0
354,8.367923656828486,5.413427309661737,0,0
355,7.292672458372847,4.109428078710897,0,0
356,8.24608571830992,3.2696802886942766,0,0
357,7.611071439638044,4.912859330671094,0,0
358,7.962242126466779,3.0272054755131466,0,0
359,8.591646860845943,3.653770271636565,0,0
360,7.462119410317463,4.599138879933269,0,0
361,8.461225952482037,6.656567273431406,0,0
362,8.578228413937174,7.549708630785325,0,0
363,7.495463456858782,6.109954679186008,0,0
364,7.6287221943570085,5.283627826803003,0,0
365,8.27357831928747,4.00268679103649,0,0
366,8.329724352481346,3.111388002750859,0,0
367,7.7997059892922005,3.97149678708569,1,0
368,7.489353448603362,7.843770539524047,0,0
369,7.000058388272366,1.8209438349587437,1,0
370,7.8804218616635096,1.3973785678076025,0,0
371,7.91786174013867,6.841640524280338,0,0
372,7.951738033339504,6.227776145629843,1,0
373,7.608130654997302,4.816671772182077,0,0
374,6.852558431645365,6.1182804993110045,0,0
375,7.735378738403189,2.109077927655268,0,0
376,8.013721151346388,7.053160060853722,0,0
377,7.320527383527933,6.792275829733711,0,0
378,8.866366176732733,6.574176240847502,0,0
379,9.350753971742545,5.151748032191606,0,0
380,7.912852585789001,4.623399205848686,0,0
381,7.750260269355017,4.866477016532711,0,0
382,7.416651175053542,4.001862385704367,0,0
383,7.848547379278106,5.198372866059548,0,0
384,7.929705826251157,6.3996412649723915,0,0
385,7.999839688673821,5.806675299631768,0,0
386,7.487186717610993,6.060692415802798,1,0
387,7.7409672695951715,2.874588150558491,0,0
388,7.982797357517207,4.431635227595622,0,0
389,6.733193206284266,7.222082910665394,0,0
390,7.398111003438052,3.27692758150152,0,0
391,7.497809051567294,6.349202898019602,0,0
392,7.941262536933674,-1.3997582652744276,0,0
393,8.842318328398065,0.6020200730052419,0,0
394,7.580375914995385,4.0864293627908825,0,0
395,8.056485811309198,2.8064400602441033,0,0
396,7.685667067636257,2.090342140878909,0,0
397,8.037636350380883,3.9861071472631435,0,0
398,8.602202950648888,4.97053678014852,0,0
399,8.528300663425394,3.984212017951517,0,0
400,7.511228115398198,4.791393958828077,0,0
401,8.537125563607765,6.262561207049705,1,0
402,8.163522449281515,-1.1888862095879267,0,0
403,7.959246648249903,4.790445046625391,0,0
404,7.694005661334481,4.6850472193882675,1,0
405,7.549621907007211,5.559593481528215,0,0
406,7.48308579681275,2.395598900836112,0,0
407,7.98463444715898,0.5995264652815306,0,0
408,8.612960489057167,2.438548970315659,0,0
409,7.995669378456092,8.205307879337747,0,0
410,8.011267020788871,2.5642688082525766,0,0
411,9.03433074973003,4.80192538487734,0,0
412,8.409630855163527,6.681490226693313,0,0
413,7.774637950798953,3.7920823151294614,0,0
414,8.277356195393768,4.768229424436197,0,0
415,8.423084812154721,6.101415713313843,0,0
416,7.195128165159257,1.7889458487298526,0,0
417,7.867700362519332,3.6233019109971902,0,0
418,8.090072414207695,1.6476005647221372,0,0
419,7.61320888056378,3.744749942879779,0,0
420,8.08369440017837,8.054002877913195,0,0
421,8.92465291943413,5.551889581032934,0,0
422,7.752313793894415,4.783926867437235,0,0
423,7.338854664266082,3.9719597274734415,1,0
424,8.265026118836035,4.809213071738023,0,0
425,7.916644955474693,3.492567646648574,0,0
426,8.139159963706902,5.032211335193714,0,0
427,7.124578943333378,3.7943750012146484,0,0
428,8.441310244258354,2.9695891495387983,1,0
429,7.307641870480135,4.907710003189223,1,0
430,8.671987873568513,2.9619559106403948,0,0
431,7.0604566676142975,6.322507467198813,0,0
432,8.955644361768897,1.7063176689011073,0,0
433,7.6163936137421455,2.870895864423855,1,0
434,7.3418590815396785,4.93927696328258,0,0
435,8.044153185868398,6.832525156969009,0,0
436,7.62028272608095,2.2686923739685394,1,0
437,7.447239326785028,3.7658107178830367,0,0
438,7.693216799547096,2.8046241496227937,0,0
439,7.679744014425429,3.1353150705112807,0,0
440,8.307803795886944,4.999369109066859,1,0
441,7.444101066609686,4.940900563672494,0,0
442,8.634033645396407,4.8182605861967565,1,0
443,8.168122714660045,7.75376614363697,0,0
444,8.033907474852763,4.045609523727845,0,0
445,8.664073287571362,1.979620399000967,0,0
446,7.64977888190627,1.8486660919417566,0,0
447,8.460146602093104,0.038045239719034285,0,0
448,8.06156526441344,4.276951703589843,0,0
449,7.912236400200757,3.223547186087454,0,0
450,8.27962478151787,2.015252096886524,0,0
451,8.438482664343473,4.915533201938059,0,0
452,8.900872862285821,6.2561106598923,0,0
453,7.957007788070136,6.741534659742129,0,0
454,8.604018730999213,2.274864880397507,1,0
455,7.852008171574582,3.820171187173203,0,0
456,8.093874962167916,3.00955659655393,1,0
457,7.8117416967503654,5.203836748642654,0,0
458,8.96324837978923,2.2160272084952535,0,0
459,8.713767849970868,8.739448083952428,1,0
460,7.758690609705624,3.2115221320148093,1,0
461,7.395587862681258,6.163484703100703,0,0
462,7.463606755940579,5.000251618252829,0,0
463,7.844946370650879,1.042817433931266,0,0
464,8.180166045947212,2.755774489430113,1,0
465,7.506511935201726,2.8435870360475697,0,0
466,8.062438672754276,1.9720472313013127,0,0
467,8.91807104406277,4.459147044196898,1,0
468,8.741969419155883,2.733632926165554,1,0
469,8.060024532966812,2.560634037939532,0,0
470,8.421881280003232,6.764802162108506,0,0
471,8.3743372719905,4.665410273838774,0,0
472,8.263445930346725,4.341528533787894,0,0
473,7.58939260999633,5.028578293087718,1,0
474,7.946168006234129,5.20338215747752,0,0
475,8.551807198429023,2.1336840300631357,0,0
476,8.250906140710217,5.015579148967415,0,0
477,7.455867424120018,4.745383616439585,0,0
478,7.458829737657226,1.6904478333909223,0,0
479,7.1716886924916246,4.944069314577106,0,0
480,7.38077160575007,4.64480418870812,0,0
481,8.618481876880956,3.704753632535148,0,0
482,7.774069960970325,0.10649783250057698,0,0
483,8.375043175588631,5.023520101579209,0,0
484,8.804141588120125,2.8273396999997518,0,0
485,8.19729102021413,3.498509158436443,0,0
486,7.953666294232232,8.96803641451201,0,0
487,8.352600913689187,4.990290067730817,0,0
488,7.355385592573084,4.32063587268732,0,0
489,8.107424638169476,5.299974913368986,0,0
490,8.557781119280932,4.677421374971175,0,0
491,7.210738445412458,5.41664604131765,0,0
492,8.129512539826154,2.6111370512661978,0,0
493,8.445296704666129,6.303854077985438,0,0
494,7.793340836089048,2.936058364146453,0,0
495,8.467246347935761,7.8020942409092395,0,0
496,7.771645724218003,4.137057466718039,1,0
497,8.153813947297516,5.314107275545044,0,0
498,7.863023913229145,4.974625416444831,1,0
499,7.252545524132299,1.557359363132063,0,0
500,7.57995088110558,3.0392263468519216,1,0
501,8.113782709452472,6.901269225635863,0,0
502,7.110328274513203,4.013162150479776,1,0
503,8.214540045245394,5.2832011776510335,0,0
504,7.766780582332898,3.1178821622356,1,0
505,7.352778216349653,6.578738361217495,0,0
506,8.673495789724871,5.050109965118015,0,0
507,7.892246466110683,0.3108531866982496,0,0
508,8.662441080647868,1.468991414543844,0,0
509,8.252155793488638,6.637652313166109,0,0
510,8.162184737551117,3.526755233815101,0,0
511,7.810259451981058,3.4873683505189828,0,0
512,7.798314785412689,5.78433143884128,0,0
513,7.91644449611067,5.065302158715487,0,0
514,7.817680495527995,3.150065644071705,0,0
515,7.205597307510493,6.703204119027129,0,0
516,8.229910539571655,1.4377701801694478,0,0
517,7.628383216239322,4.200591345475399,0,0
518,8.038001769023534,3.74983200964043,1,0
519,8.462103317791152,1.7894825130024339,1,0
520,8.153223231374918,2.0762558951488947,0,0
521,7.992408131991358,3.6869337976461702,0,0
522,8.324472663420806,5.149753457617074,1,0
523,7.139018114388256,4.632078928795857,0,0
524,8.013374521207021,3.893975219939482,0,0
525,8.545382735971483,-0.2037549967603205,0,0
526,9.052586315473878,7.002177668928905,0,0
527,8.536455431728578,4.420996647818521,1,0
528,8.053024411542475,2.1959878985852015,1,0
529,8.384338684424485,1.7441766738581732,0,0
530,7.536500031028826,4.463753833271289,0,0
531,7.5317257742219565,5.317166472108451,0,0
532,8.368056413408768,2.049647211237824,0,0
533,7.88451156888985,6.287647846948412,0,0
534,7.972485548301712,8.457675546727204,0,0
535,8.361850941917396,3.279131340499167,1,0
536,8.446488614030569,0.4472253863228297,0,0
537,7.529078483673825,6.59026177131703,0,0
538,7.85511672604345,2.9547310681655707,0,0
539,7.720360193238701,12.35812031760604,1,0
540,8.361845502454965,1.3379928344861396,0,0
541,7.94528365716977,1.3846099785878287,0,0
542,8.099856478776047,3.667833580329828,0,0
543,7.954244217739209,2.8745127119653153,1,0
544,7.949300265958944,3.9905158181050773,0,0
0,2.692995663049709,0.2842259468680801,0,1
1,1.9235233045929823,17.297803359903213,0,1
2,3.1877644187855467,2.7485157868714527,0,1
3,1.9884852433771523,8.609525302843883,1,1
4,1.8136660427361928,20.44009697299576,0,1
5,1.9670249963009159,-9.607058802238253,0,1
6,2.0088170042968225,12.02926798166186,0,1
7,2.643222686829638,13.614814627104685,0,1
8,2.148323436170983,10.214824316372027,0,1
9,2.3180058957928846,5.624717687455716,1,1
10,1.2388410738555766,6.739136513464321,1,1
11,2.6882626839855455,11.299675800378237,1,1
12,2.438219617125632,13.967801612110936,0,1
13,3.2421213668523308,9.43055608044114,0,1
14,3.114058712927112,12.972738215412758,0,1
15,2.6017635089060436,7.788419585826595,0,1
16,2.0052407919574717,5.414686465854432,1,1
17,2.8013306815722157,-6.1202813525503394,1,1
18,2.561097633132383,9.19002998448847,0,1
19,2.2700373125136313,14.801860945029482,0,1
20,2.461461610411048,0.8697734441755589,0,1
21,2.6726829830093033,2.2008270974685535,0,1
22,2.2473363072638297,11.541905705825172,0,1
23,1.7755276022723625,8.916993873260223,0,1
24,2.5410834173755235,18.52503052281257,1,1
25,2.266222085058961,11.352129582857314,1,1
26,2.0305478958966066,10.352890717020092,0,1
27,3.0603595002049206,9.877413015545365,0,1
28,2.3544044033412272,0.4434168559192866,0,1
29,1.829065968253277,13.392930397413481,0,1
30,1.7674521952162547,14.814479008162099,0,1
31,2.125959697257744,0.8127010098579479,0,1
32,2.312400146581898,5.509732425347989,0,1
33,2.4177692777341657,3.375051019307395,0,1
34,2.780885916069293,0.3036209756105066,0,1
35,2.3447399429365703,7.046100273295697,0,1
36,2.5221243132707247,29.927645029848772,1,1
37,2.1938378968326275,2.1417986569909777,0,1
38,2.2497481791233036,7.234468349496679,0,1
39,2.34386220744764,5.281671332937929,0,1
40,2.3496837164315667,3.0097612317164755,0,1
41,2.5218736791034315,19.2787384970942,0,1
42,2.8336948819305117,2.4001592462213868,1,1
43,2.1990982208297805,9.212868426117456,0,1
44,2.8903989288835152,15.236966015403004,1,1
45,2.3365156028603837,9.779647621367971,0,1
46,2.098422018563965,18.272788920088715,0,1
47,2.3786073027027768,16.414276211401376,0,1
48,1.8463998016165444,2.0308636173489845,0,1
49,2.280490981841326,21.635139470232463,1,1
50,2.521042047380914,16.020836092687507,1,1
51,2.5010906751310453,11.169139010171845,0,1
52,3.173113667199213,4.5425302013999715,0,1
53,1.6204163790923851,12.25872021471662,0,1
54,2.375179830867334,3.5741354873876494,0,1
55,2.6302791394853617,7.684196438676275,0,1
56,2.7521274841713392,9.622926586475852,1,1
57,2.5331773947264753,19.918789376440074,0,1
58,2.4609784557712495,7.192681206425492,0,1
59,2.1736043690466724,8.358339525712257,0,1
60,2.7991656716883315,6.504391806816903,1,1
61,1.6711944047982557,14.161411676311264,0,1
62,2.752172867152522,2.1769418350176615,1,1
63,1.5421872901800584,3.942729846803914,1,1
64,2.7722979171416204,7.971283645310142,0,1
65,2.306151049932995,13.557576975485127,0,1
66,1.6659916423882102,18.831535195992828,0,1
67,2.120842580990245,20.636508447794508,0,1
68,2.5593356833016916,-10.225191139791502,0,1
69,1.9040564096283452,-6.301859788999824,0,1
70,2.3265645760486744,3.124336345842864,0,1
71,2.350512646739927,5.39933175224256,0,1
72,2.781429866718695,8.237012498818618,0,1
73,3.002971234037309,7.910478753281087,0,1
74,2.2996837180944074,17.531138496919056,0,1
75,2.376424770099379,-7.744991614391694,0,1
76,2.451008241578735,8.65529722412973,0,1
77,1.8470401808138917,18.078574345536627,0,1
78,2.503646960204328,11.58107429793385,0,1
79,2.283258113441864,13.470168755385693,0,1
80,2.270595459984795,15.968587122597075,1,1
81,1.973377262038121,11.107562156181405,0,1
82,1.9870981069584832,13.861954587431768,0,1
83,2.4548524820378836,4.824699347771708,1,1
84,2.482448288561317,17.489115343869294,0,1
85,2.0313127053230953,18.34262861365915,0,1
86,2.388941949260606,-2.434878408556891,0,1
87,2.605485844099735,7.815999750298396,0,1
88,2.567562892368939,14.225556839019221,0,1
89,2.036922440058744,11.953639346285389,1,1
90,1.874340061181198,6.995096900889212,0,1
91,2.2834185515901506,30.11860066237394,1,1
92,2.3928407831969984,11.10527350978053,1,1
93,2.33789647720542,5.233197708725589,0,1
94,2.290658043296292,15.096417179240087,1,1
95,3.0594734738878904,1.1839951074914348,0,1
96,3.5552389779398545,11.673798357652982,0,1
97,1.8815572522010413,7.353067083875763,0,1
98,2.5356560084787167,4.374662192081323,0,1
99,2.3195169370947184,3.301338332897557,0,1
100,2.4841405642815317,13.6463161579385,0,1
101,2.0949985177811827,2.099792380097705,1,1
102,1.949023649060396,14.110259183755057,0,1
103,2.585399840809536,4.930278038043034,0,1
104,2.6240633610224204,5.444859952213245,1,1
105,2.0369326856974554,7.482024583510845,0,1
106,2.394665052469341,10.041279941347037,0,1
107,2.815903356203001,0.8937019775123476,1,1
108,2.0040608284788215,17.94979125260576,0,1
109,1.6510320580356836,8.954114135288805,0,1
110,2.223048000044911,11.161430695349129,0,1
111,2.6078072999238704,15.850801229358854,0,1
112,1.9525827476078232,18.492322135962883,1,1
113,2.3826299565966442,13.796644350732675,1,1
114,2.8146541592170715,9.594788017488547,0,1
115,2.1747831907237787,0.7127290512695232,1,1
116,2.6467067252933383,8.115096850674332,0,1
117,2.2282282691979214,14.507109966752175,0,1
118,1.8893146220288042,15.606868174010145,0,1
119,2.580447674056812,11.564531552823338,1,1
120,2.386694629155102,14.476039435003067,1,1
121,2.41553316955807,3.479546720842815,0,1
122,2.682814692104622,6.420902500857512,0,1
123,1.8509469750155987,9.109382177936448,0,1
124,1.7878198351396815,10.072271615554497,0,1
125,1.8843065892749375,13.855885508995318,0,1
126,3.0144952642469236,23.05615422896058,0,1
127,3.1073788778424096,5.5808365195343,1,1
128,2.601777798733211,23.94650748455534,0,1
129,2.2949632029266924,6.123811703611361,1,1
130,2.1637024249099284,12.81775960028769,0,1
131,2.4128790152767516,4.366695132923512,1,1
132,2.2574890319622796,5.60632240762271,0,1
133,2.0296143195855167,2.530857431845905,1,1
134,2.497869041734115,14.58763968941113,0,1
135,2.6817007642978394,-9.367838733488028,1,1
136,2.4382441142456015,12.871484261372743,1,1
137,2.7275832741310033,16.705432637439834,0,1
138,1.9442428760122445,3.5900752802386604,0,1
139,1.459940466424257,5.097672022947648,1,1
140,1.8528100626664168,7.021006769084331,0,1
141,2.595538695297805,8.989861610655153,1,1
142,2.058486780484505,1.4509841526169422,0,1
143,2.5583196596767372,15.83029463673402,0,1
144,2.033017794354975,6.6997626788250475,0,1
145,1.9161687158544263,13.634551419164026,0,1
146,2.2698443037753675,2.280552734267558,0,1
147,2.1411561571839233,12.856271568748918,0,1
148,2.5370482526251985,5.698037259793852,0,1
149,2.5811835178494777,19.94315615313012,0,1
150,1.9947399379174424,17.671134989444035,0,1
151,2.4367113993449587,1.8472001308820651,0,1
152,2.4981384268937594,7.598709492322128,0,1
153,1.9822740253328,1.5068091224275637,0,1
154,2.098181619323688,-2.537961102882587,0,1
155,2.8546573115914358,2.7809173923529817,0,1
156,1.8517116102043472,14.333751775383703,0,1
157,1.8494903567259926,24.477929717082112,0,1
158,2.530500262511813,6.944009312866888,0,1
159,2.282506746862488,19.915030797935643,1,1
160,2.406486114754998,12.359011107260704,0,1
161,1.661692913114568,11.41370983230263,0,1
162,2.0360595043083802,12.145575428445142,0,1
163,1.1821360322107926,7.256716021344209,0,1
164,2.1618690114442356,5.70763718019481,0,1
165,2.1582768507100343,2.4137519799363236,0,1
166,2.3369123541738843,18.624303003941083,0,1
167,1.657968771530085,12.60903002391768,0,1
168,2.603222776224923,8.544472704067369,0,1
169,2.5262176771287623,18.618997015293644,1,1
170,2.9468113055427563,16.01815741753619,0,1
171,2.613408084036138,7.3973702292376755,0,1
172,2.5762966886085605,17.39116724879215,0,1
173,2.797173502693196,-1.4248198513232335,1,1
174,2.1537717326357675,3.3796619910698107,0,1
175,2.272463302007056,10.68883246030089,1,1
176,1.806129397741762,0.07342147762418172,0,1
177,1.6539541634106056,13.971143234285984,0,1
178,2.6763106432200376,11.845709282691436,0,1
179,2.8899198760757105,11.109422561878372,0,1
180,1.1888891628167502,20.967704251538343,0,1
181,2.724926633354883,12.559255995767526,0,1
182,1.8965783124998599,16.09977494911157,0,1
183,2.0523957482193844,15.280896511521915,0,1
184,2.4468201267771224,8.233711605887937,0,1
185,2.844411371666923,5.370723840968628,0,1
186,1.6995319737818417,-0.09958347220587171,0,1
187,2.318784625661588,15.255497863854798,0,1
188,1.9688990752332545,11.764846734705529,1,1
189,2.562603470163553,4.306961144382116,1,1
190,3.18976390308141,7.985249289923713,0,1
191,1.7810007929671006,14.480617449156185,0,1
192,3.067234148895693,19.20281732350191,0,1
193,2.3703433421928586,14.243944624713844,0,1
194,1.8540176909969142,6.3276423194648,1,1
195,2.0542511884672536,1.205123885380555,0,1
196,2.195622743773775,2.0835946763727105,0,1
197,2.0854032665782287,11.146400996807627,0,1
198,2.508084789722718,3.4959528426534368,0,1
199,1.9954354248449502,15.34111820568758,0,1
200,2.141827335461204,16.58776112575031,0,1
201,2.2180482413737193,6.32206604521287,1,1
202,1.6771956398107462,16.939354456330257,0,1
203,2.3794253625205575,-11.201498129636093,0,1
204,2.1191060178672254,3.4846202155051555,0,1
205,2.861938447543783,11.040633615342562,0,1
206,1.987723372528293,4.7268502807342,0,1
207,2.02688926890255,22.689019851884254,0,1
208,2.1989759223280805,30.981114908829966,1,1
209,2.605918833577945,20.70691855616215,0,1
210,2.083622612213847,-0.20267343116776182,0,1
211,2.781430864484366,7.369484813269008,0,1
212,2.675552077884591,-6.0427054514541325,0,1
213,2.551343650790499,14.326088059014285,1,1
214,2.3601299291331834,7.137001202134332,1,1
215,1.6484129450905187,2.9557452882755024,1,1
216,3.0499777542284425,12.299558478439629,0,1
217,2.0321036160942425,15.3030378232896,1,1
218,2.6110434024703975,15.177053300344006,0,1
219,1.8341043402532895,14.35751373108706,0,1
220,1.8321753585041023,5.228759759681429,0,1
221,2.2465009215600333,24.796962255411348,0,1
222,2.251625565158356,5.383620972559235,0,1
223,1.8824649217408433,11.118705948714533,0,1
224,2.481699301435585,5.5409806648088065,0,1
225,2.959997852145559,15.0877929018726,0,1
226,2.430286457391601,10.26505185510616,0,1
227,2.1365185887716995,7.8334488074552135,0,1
228,2.520600684106464,13.773520421019867,0,1
229,2.4215139542129687,6.1374867212968685,0,1
230,2.014391015789151,16.72648325604687,0,1
231,2.3712306415024815,3.484126340095769,0,1
232,2.2969653762963094,1.3651059540362391,0,1
233,2.7287523772051667,10.050255907592458,1,1
234,1.904021218785075,8.60450791236809,0,1
235,2.661468747391552,11.40975810846123,0,1
236,2.184760919303063,12.642570011005844,0,1
237,2.669954787475786,11.424615204862771,1,1
238,2.622340928657243,12.495001268842804,0,1
239,2.091345119890486,8.384242472462823,0,1
240,3.0438224210434415,3.3833143328575863,0,1
241,2.214636060172197,0.5390983466639216,0,1
242,2.2603820696883656,0.42694072031672015,0,1
243,2.0058267433061996,14.774315068195477,1,1
244,2.038056969096891,8.10955600261338,0,1
245,1.9191794515610177,7.048866130436785,1,1
246,2.8324086897574703,0.09283522975601954,0,1
247,2.755950635004438,10.892891429938144,0,1
248,1.5283510753670706,1.2333095081542176,1,1
249,2.253090115550611,6.316853626568723,0,1
250,2.26704236329578,20.101664257749288,1,1
251,2.836615503288835,4.158056716288198,0,1
252,2.3953931902797203,17.573192101517833,0,1
253,2.2807185464395046,11.195556008823042,0,1
254,2.2811023197870393,4.350876981222666,0,1
255,2.9331985711334756,3.0990108753836667,0,1
256,2.4594418382837167,16.608730641087867,0,1
257,2.250895971863831,0.2818357749982425,0,1
258,2.154039642640977,10.23750422217922,1,1
259,1.8864748260062898,11.723077404466862,0,1
260,2.2963633010457607,-0.19046118677817248,0,1
261,2.7357899501111276,3.646280399962877,0,1
262,2.0458162272493134,11.255406447147022,0,1
263,2.297153546573529,5.97451383389558,0,1
264,1.894180973849565,-5.184448983806767,0,1
265,1.7722679137097326,5.160610291356731,0,1
266,2.286220135355468,13.911852977720606,0,1
267,2.767572964546298,14.223776472571169,1,1
268,1.666243589348249,16.599470477687717,0,1
269,2.7548766529051356,-2.1225974988255913,0,1
270,2.9975906245919774,15.618953170116255,0,1
271,2.513142975475544,11.48763933832532,0,1
272,1.5568566960154095,9.625448068314732,0,1
273,2.387052629826742,11.255876767598018,1,1
274,2.4238094673821395,18.27573265527118,0,1
275,1.9272329983702625,8.662580850170437,0,1
276,2.3033525902132412,4.970338950579762,1,1
277,2.568054676573229,15.534172167879134,0,1
278,2.0043849933911995,14.610299754791928,0,1
279,2.3311915334636852,17.513050790262163,0,1
280,2.3790300367531456,0.0976886072262495,0,1
281,2.0881369539726826,-0.9575797810686559,0,1
282,2.5366390384505655,4.94559102747562,0,1
283,1.903610164401356,11.445725087662476,1,1
284,2.1782946413672164,5.035109519859642,0,1
285,2.7460477474488743,15.072509447547676,0,1
286,3.339150696181558,11.722820201790313,0,1
287,2.6495826594344,3.6092694454891605,0,1
288,2.1939285594955296,12.852197853930832,0,1
289,2.660554386897371,3.405729510358711,0,1
290,2.0415081311714567,11.504263837231719,0,1
291,2.0503868926919373,0.8385462653169959,0,1
292,2.232135575726413,7.449956404428923,0,1
293,2.723309910093711,8.18930401969463,0,1
294,2.8967894142320567,6.430979435055717,0,1
295,2.448507632009535,17.371786975117864,0,1
296,2.2975535715991273,0.9429956722878634,1,1
297,2.8460476491702895,10.041225248106684,0,1
298,1.6220700339431198,5.136986359363249,1,1
299,2.0594232276002535,20.96859034367136,0,1
300,2.3104573056473012,6.731272609300595,1,1
301,2.6114566573834153,3.6296314067867623,0,1
302,2.3454564790133055,6.719432559940345,1,1
303,2.4609306507169304,14.029951564619477,0,1
304,2.211933200499265,16.228185504949238,0,1
305,2.579292168098163,2.9845136007244397,0,1
306,2.570555594436415,4.480294257462884,0,1
307,2.178853718769954,19.19452636492297,1,1
308,2.330363015342844,13.372989536178544,0,1
309,2.1450786675348392,6.564665850729553,1,1
310,2.0155555674722523,2.442994568307454,0,1
311,2.924430132789208,14.03396392920716,0,1
312,2.2974507765580006,14.3897262695263,0,1
313,2.292541931168725,-0.6263773886527062,0,1
314,1.9025662827903418,5.492675596086864,0,1
315,2.001564510526989,21.036299460267944,0,1
316,1.7413885427252,5.895735128474744,0,1
317,2.4009415773758485,7.412610610072382,0,1
318,2.519269333092142,9.050918079508493,0,1
319,2.4705774154394513,25.43200237930158,1,1
320,2.0698813893585957,7.353480288861179,0,1
321,2.5846152776743394,1.6262217417236053,1,1
322,2.0032356194108303,3.2270841561011396,0,1
323,3.315743674987078,7.826268901383906,0,1
324,2.8849415424310347,13.49983408946674,0,1
325,2.584689305285153,19.90793765468858,1,1
326,1.7481874340464603,13.854178063472425,0,1
327,2.7154900541004623,17.14067017262401,1,1
328,2.3830482892678524,-3.2871227121651394,0,1
329,3.0288233738299075,0.5706362513506882,0,1
330,1.9652046940138455,7.449228638996614,0,1
331,2.019749198092236,14.740080547889011,0,1
332,2.9642767895060094,-0.30918329690325486,0,1
333,2.2493998036026537,15.509703617543929,0,1
334,1.8219376719167322,7.816473841355935,0,1
335,1.954598095539448,5.058381166892415,0,1
336,1.6376596008134354,1.4688719987565992,0,1
337,2.4458526274733097,11.731550918684501,0,1
338,1.9434632951965432,11.002899762645423,0,1
339,2.101260374303241,11.87705062968502,0,1
340,1.5386389732293535,6.050925413050209,0,1
341,2.198860594712811,9.706202860879404,0,1
342,2.7837242520092476,20.64389099833494,0,1
343,2.8106655804249767,10.097543173518988,0,1
344,1.5610149111871934,9.318896380393745,1,1
345,1.9904803261662023,13.160808337076713,0,1
346,1.9091836294469278,11.851037643736843,0,1
347,2.227782528778735,-0.5407685988172659,0,1
348,2.74947871443657,20.501724481576186,1,1
349,2.295624702032095,20.387362187094407,1,1
350,1.7849193668509447,3.0352046690456955,0,1
351,2.5366465329387307,16.02692054121873,1,1
352,1.9727807637804724,17.2984766913034,0,1
353,2.472494310330933,3.225989326675422,0,1
354,1.9712955206655656,14.659855981650281,0,1
355,2.0438320606337435,6.646502820688381,1,1
356,2.6876943390845502,13.056178117422952,0,1
357,2.1278839378769594,5.491351340703572,0,1
358,1.7583409357612978,3.4907549723975437,1,1
359,2.1735989327556,16.494099262229636,0,1
360,1.951242967299732,13.122895833044385,0,1
361,2.1918247441433083,10.691914777176816,0,1
362,2.331446911496403,3.7221899295670617,0,1
363,2.514418243308647,3.7231935279361217,0,1
364,2.3458524450454066,6.028450175069731,0,1
365,2.209492184024559,4.405032293330528,0,1
366,2.217617780009881,26.31267425141896,0,1
367,2.1920081620305307,1.5230885898160063,0,1
368,2.381355950105733,13.566414424108178,0,1
369,2.708733041898353,7.630000618224753,0,1
370,2.028616636357176,-2.3154783777804298,1,1
371,2.4361537076514748,-0.6236075519627438,0,1
372,2.3185189035963343,13.590357295049973,0,1
373,2.373366285241019,-6.307525702374102,0,1
374,2.4728473636179054,17.586958540546128,1,1
375,1.7262720005781715,4.529508155873704,0,1
376,2.4766281484479333,1.138582569228519,0,1
377,2.485443746732535,11.38704869857864,0,1
378,2.1156124363310873,1.6141375994095633,0,1
379,3.349659136609773,12.78968610755162,0,1
380,2.5186226219013985,1.5314748564805978,0,1
381,2.189414541243168,6.684529385861511,0,1
382,2.4941704766396855,14.698070494436667,0,1
383,2.828904044017336,27.67764073671526,0,1
384,2.937851346796046,15.804736146159065,0,1
385,2.4446448861628993,17.721662916838984,1,1
386,2.71327708746652,3.8347156321232285,1,1
387,1.775523150126958,1.8600748409695695,0,1
388,2.0510525652793787,6.994750854006601,0,1
389,1.7632286919950255,30.12929784371022,0,1
390,2.4352103378454464,21.966913289178613,1,1
391,2.1796714925927976,-4.718564401478385,0,1
392,2.10411552977284,5.173055203323894,1,1
393,2.7289241634626533,15.183996166478414,0,1
394,3.0946758196514077,5.8615628667591295,0,1
395,2.0836015401493686,4.260677038878313,0,1
396,2.381039136145568,11.672239961527719,0,1
397,1.9392476736196131,11.51105284890344,0,1
398,2.3936994199177337,-1.9832620579464386,0,1
399,2.511075682875572,-0.5307609568453575,1,1
400,2.0292820210051192,15.37354665669854,0,1
401,2.6693947801958364,9.23374364717016,0,1
402,1.966763781234544,4.879400138482081,1,1
403,2.2439173959079772,4.674568617694465,1,1
404,1.9261391388797988,0.7574314563484279,0,1
405,2.3101404213844097,3.6554729026239254,0,1
406,2.1935882476602733,13.258141772897435,0,1
407,3.000751806958308,1.2957800736663785,0,1
408,2.8008290679713492,26.447116944336845,0,1
409,1.8371159441097968,7.314555774448959,0,1
410,2.583549386775695,7.907311155479678,0,1
411,2.044042606424032,-4.060292677247343,0,1
412,1.4347436811592373,4.375130304649146,1,1
413,1.7889903406822167,12.67552986333425,0,1
414,2.0188837349563697,6.574692720652194,0,1
415,2.2539742499122517,9.366427624762554,1,1
416,2.0212636421986523,7.803203742837788,1,1
417,2.0763447248583593,8.735692013993356,1,1
418,2.238683624218736,4.999399615075253,0,1
419,1.7076302627504223,10.48442513254022,0,1
420,3.127819070281577,1.477641051425926,0,1
421,2.542132396142195,10.802724345371232,0,1
422,2.4139182607276783,18.15446325182104,1,1
423,2.6958996928995784,10.210605282811422,0,1
424,2.470987684355738,13.325459944561857,1,1
425,2.342303405574442,10.167210980083784,0,1
426,2.059412453125398,20.374346637508268,0,1
427,2.117666763470747,14.596698916772919,1,1
428,2.6013816676151817,19.656707792263354,0,1
429,2.3740253608971447,13.135203987785328,0,1
430,1.5007535936692205,0.14172332237739838,0,1
431,2.2648203823768425,11.686782244642355,0,1
432,2.803250735774269,1.5404991947541378,0,1
433,2.5389352530068656,17.012452629829056,0,1
434,2.1816660585713934,3.1059412393022905,1,1
435,2.6944040355269623,7.040426980151537,0,1
436,2.1937122894001164,7.787348420333722,0,1
437,2.6767839533527913,-8.293976503754305,0,1
438,2.4934045798865148,5.3961260582838175,0,1
439,3.420280055734926,25.65142639056144,0,1
440,2.3558947109946144,8.84841957827262,1,1
441,2.4192614900807667,6.960800548815352,0,1
442,2.4666121266062375,16.65335151928341,0,1
443,1.6534152315824946,23.261521994332938,1,1
444,2.992958788956754,18.48658991406534,0,1
445,2.632420805769141,17.62903797796803,0,1
446,1.9245810287473066,22.728780371417525,0,1
447,2.469716541404005,6.35855320208459,0,1
448,2.3783686943110323,7.915506029836261,0,1
449,2.185208431320688,10.539511538056052,0,1
450,2.4841535017208893,4.636760705694474,0,1
451,2.47343863650991,13.277533860515017,0,1
452,2.6337111420660744,1.824649921547996,0,1
453,2.831117758213707,9.43607973004979,0,1
454,1.8979041301719652,13.870252709722159,1,1
455,2.8059588519133487,4.058906617046247,0,1
456,1.5358558583642061,5.3664963424945284,0,1
457,1.7647306414900719,3.38070014593763,0,1
458,2.7828668666528906,0.9147326868245145,0,1
459,1.971046634586405,10.473084633196393,1,1
460,1.886595566871471,11.013439239154398,0,1
461,2.4513883672141996,-6.915215032238869,0,1
462,2.3854601384168084,22.32657380300282,0,1
463,2.448851450812168,9.570397381038125,0,1
464,2.6292935630558105,11.32721902072597,0,1
465,2.305307146895324,9.309498993182434,0,1
466,2.5134014718678133,22.376810990388286,0,1
467,2.767010508466078,19.927923581948527,0,1
468,2.2044704099033066,-3.482261885302835,0,1
469,2.571211197672226,9.44330896535633,1,1
470,1.7994394839118892,6.986050021810402,0,1
471,3.0430460087044047,10.452082914598462,1,1
472,3.081861676935482,5.413572313434742,0,1
473,2.0481277412450907,14.400820379771066,1,1
474,2.5826481349586015,6.809619586636671,0,1
475,2.4013080927564543,9.58086162465635,1,1
476,2.0301049071707915,11.554086451959092,0,1
477,2.288800699571088,4.072822152610385,0,1
478,2.5440643647591807,18.16357860766898,0,1
479,2.263722414255833,15.021553810389413,0,1
480,2.713143678356108,-0.6623137171089066,0,1
481,2.5467830796357114,14.627612709879243,0,1
482,2.379759604186833,9.826597060155304,0,1
483,2.115108712480449,13.949364295185354,0,1
484,1.9032826438835708,21.016744065022657,1,1
485,1.8144938354167517,15.08579812003275,0,1
486,3.0229902607411203,17.625601816628887,1,1
487,2.3557150312978474,21.761787642968443,1,1
488,2.167223307997747,14.781155335850693,0,1
489,2.17765326725893,6.121691949796631,1,1
490,2.6145102965811993,11.951030296338232,0,1
491,2.6360304666299914,23.02049828844765,1,1
492,2.0603057866382635,1.3033734985910437,0,1
493,2.0831485625361683,-0.24536986286320506,0,1
494,3.0521798568183014,5.583934668100559,0,1
495,2.5960483061889574,5.004911937417073,0,1
496,2.5070745068146487,2.65568044606744,0,1
497,1.7809369280410992,3.9857195723950802,0,1
498,2.3127676379517537,9.634480010371625,0,1
499,2.5760696294950107,15.758956362021618,0,1
500,2.485010255911979,18.471705143546224,0,1
501,3.050729187278685,1.5908015656599153,0,1
502,2.6762910004108313,-2.076214157694622,0,1
503,2.197240096193966,7.954598459071899,0,1
504,2.469664509018566,0.5045663090745389,0,1
505,2.695574142748566,6.461904822659266,0,1
506,2.958804026098541,9.601136730587575,0,1
507,2.4995381323760317,6.781961747900366,0,1
508,1.800764925798167,7.5847398063870335,0,1
509,1.828054808311937,-1.5682004316880267,0,1
510,2.226626676732272,3.9720904957364223,0,1
511,2.9099517313867276,3.5628912949068106,0,1
512,2.344324708512828,16.50477517680966,0,1
513,2.4328730513680203,20.186945931776002,0,1
514,2.4571874985563786,-0.990862813429267,0,1
515,2.8064747689138176,12.615467598978523,0,1
516,2.2937727519298305,7.418097710862311,0,1
517,2.532287194920788,10.897206089451526,0,1
518,2.1868111367785197,19.57132697038022,0,1
519,2.075939909293995,14.77965612662362,0,1
520,1.8202725162837927,3.4613374965749433,0,1
521,2.0529118826694663,8.80316769990467,1,1
522,1.5563062335938582,4.93009071864928,0,1
523,2.944622942821545,13.492362784613626,1,1
524,2.9162806400878485,14.362047865354462,0,1
525,1.8120760186378375,12.800571713434152,1,1
526,1.9393305543088788,7.181121265307625,0,1
527,1.7999594727342574,8.997991329014523,0,1
528,3.422443858760844,7.239262226124934,0,1
529,3.04091467663282,10.490975873790969,0,1
530,2.780573075527168,9.61750300161153,0,1
531,2.4829866061406998,-4.684028286212213,1,1
532,2.709398886670556,1.3070920294740285,0,1
533,2.855674024179585,14.979405130417364,0,1
534,2.469109411437707,1.2151703829234233,0,1
535,2.1779046067174317,7.6623214269862725,1,1
536,2.615058692258351,27.941112911854024,0,1
537,2.389676736981253,-4.0288002758968275,0,1
538,2.015886646911739,-0.01754198811669383,0,1
539,2.4517255227644315,15.392898783129978,0,1
540,1.8730647485716,-1.230693998281053,0,1
541,1.593597510694291,8.579824214411465,0,1
542,2.54227196648329,0.9676534913551587,0,1
543,2.635618251547412,21.090479533001197,1,1
544,2.4456305369629505,6.759078092406084,0,1
0,6.116608209102588,4.381404260704585,1,2
1,6.249319465423436,-4.913885615779496,1,2
2,6.17701297468999,-0.8954696613858415,1,2
3,6.757551066362366,6.293382970982732,0,2
4,7.79473114481045,5.914952742272449,1,2
5,7.267668249714802,-3.4980224895450194,0,2
6,7.556448073753072,11.428854224176717,0,2
7,8.44451634258538,-0.9930463577107611,1,2
8,4.798246981482067,1.445388247192255,0,2
9,4.8287305416450055,17.361431449711013,0,2
10,6.955452822888166,17.64744417716983,0,2
11,6.263803223916627,10.482905085573186,0,2
12,5.914251874353931,-14.294065617241976,0,2
13,7.260045148076361,12.103015340101098,1,2
14,7.58165089255848,-1.6036840609594307,0,2
15,7.41900669315216,-7.216191430131745,0,2
16,8.179295727964938,9.171085632775632,0,2
17,5.938783026968474,6.86469920374028,0,2
18,7.0879029326032175,0.09195643584030799,0,2
19,5.651768015067791,-3.277438205660655,0,2
20,6.381052330023294,-4.720476007110256,1,2
21,7.401409964272424,10.095732280017353,0,2
22,5.780088534288511,16.814818811731545,0,2
23,7.936267922161408,13.726121934868438,0,2
24,9.329157383315346,-1.4795373565750705,0,2
25,8.65587246157685,-0.917882558819616,0,2
26,7.375128268455315,5.133942653796934,0,2
27,5.970336610517001,-4.388474647048482,0,2
28,6.1268658844021004,7.830250774108824,0,2
29,7.32478677192778,2.2372866067831128,0,2
30,8.159486388028201,2.284453974716935,0,2
31,6.106443538448986,1.5278732672347215,0,2
32,5.968994639556181,9.078896785925366,0,2
33,7.323131451493627,4.681808150508405,0,2
34,6.150498509379367,1.1404068417611386,1,2
35,6.271189823461828,7.983823843187081,0,2
36,4.889518547992574,12.548014506557475,0,2
37,7.0987372219409535,-6.74199709818737,0,2
38,6.081584694920691,11.820814509995582,0,2
39,6.782273178127811,-2.424061573317461,1,2
40,7.780397781292246,-9.410769244558388,0,2
41,7.25783468886055,-7.450723246364176,0,2
42,5.19784830195198,0.8852193012581351,0,2
43,6.127016886403757,2.29029802712547,1,2
44,6.901166590693226,4.891274055038772,1,2
45,8.580447741645928,12.604354950089185,0,2
46,7.0108906221063245,5.961672855036311,0,2
47,5.4771005013342835,-3.555328991623922,1,2
48,6.3337941222197625,8.73622869856963,0,2
49,7.579863384682582,-0.6189823493187374,1,2
50,6.23049436133125,2.4580709701420163,1,2
51,8.245315274424202,6.867318216860308,0,2
52,5.435074604174586,-0.46843143990013036,1,2
53,6.075115695990244,-2.3019530143711835,0,2
54,5.238242738660059,3.2891024257487516,0,2
55,6.8891370176511515,-3.754927278715713,0,2
56,7.5684661872818575,10.326003002432953,0,2
57,7.435408759917155,-8.300226235189804,1,2
58,5.081616145406435,28.45070613209451,0,2
59,5.744804355611311,3.0204445033873997,1,2
60,6.806176047863606,-9.128962490587412,0,2
61,5.123725289222042,11.43184020946261,0,2
62,6.832324999165355,-4.505194268160337,0,2
63,6.035826727736163,1.5184373340125954,0,2
64,7.437087372365015,-10.278297463772628,1,2
65,5.697117109543776,-3.512897130545743,1,2
66,6.742906234116102,1.6458339108221756,0,2
67,6.317993941197358,-2.9973740751324014,1,2
68,7.420648517525455,8.730644998205038,0,2
69,8.264754349691591,3.086539392508581,0,2
70,7.548449606021557,-2.123059164245584,0,2
71,5.734423191446615,-8.012775698137947,0,2
72,7.38113745641537,17.29463078613823,0,2
73,7.444238621221437,3.8341009537765784,0,2
74,5.526079762418153,15.47702658051691,1,2
75,7.138123913060801,13.668110872603037,0,2
76,7.771947655785798,2.2177122159663503,0,2
77,6.427573898379857,-9.845989361283394,0,2
78,5.45460356638528,10.296322565072831,0,2
79,6.893481164622919,-11.708655642961126,0,2
80,6.058125512447887,9.99031780800907,0,2
81,6.545739608625979,-7.943368484076662,1,2
82,6.924000763644201,-0.3678759401041374,0,2
83,6.48175852172306,4.172958422125899,0,2
84,6.025093837832967,9.319472827261059,1,2
85,7.05549320623083,-4.86956358294741,0,2
86,4.837211630567188,-4.750469231786286,0,2
87,7.523094449926044,-2.6039278067139344,0,2
88,4.576522917392677,11.924325480307392,1,2
89,8.571042979705158,6.053255126173132,0,2
90,6.2637319114257295,12.189766499298347,0,2
91,5.282786286988698,5.02760816608529,1,2
92,5.648001986751118,3.633827348396686,0,2
93,9.025125166548158,0.23823147141978396,0,2
94,5.4040191484953946,-12.28776422717803,0,2
95,6.098442498029239,-9.092535059247812,0,2
96,5.253922407969783,0.45562720616951635,0,2
97,6.7175455410347436,-1.0841300885928478,0,2
98,6.4877643669806275,11.130993755298938,0,2
99,6.7293737255133115,10.706527166743507,0,2
100,6.522622906428925,-9.3961968224542,0,2
101,6.375192399553963,10.111701758224783,1,2
102,7.164329675423862,7.780706853318612,1,2
103,7.36640466788491,6.449709615474901,0,2
104,6.322926819914054,-7.474212902414638,0,2
105,6.7954175872962805,-1.8658109550839743,0,2
106,6.351073283860707,7.337693733225475,1,2
107,6.397254663949145,3.2632150615890017,0,2
108,5.763478587646444,7.63566236615688,0,2
109,6.345430066538284,0.29917392261220366,0,2
110,6.45976899136294,3.132997964151099,0,2
111,6.502080059887579,14.22157853283079,0,2
112,6.125411536376752,13.826139594245504,0,2
113,6.806312148200396,2.1823408334875083,0,2
114,8.675046234376877,6.499320731568238,0,2
115,6.482767480588956,10.472963467582549,0,2
116,5.867808037457704,7.810342919466338,1,2
117,7.735021821354773,9.136849282381284,0,2
118,5.92707791351465,14.874703491759192,0,2
119,5.17841905338179,-3.618276947318339,1,2
120,5.825528441602783,8.636535204948323,0,2
121,6.2851309193967815,-1.5131333046821034,0,2
122,7.549746452273112,4.611623545930565,1,2
123,6.686199803058176,9.150059467223535,0,2
124,7.513512338567454,13.987594140478365,0,2
125,6.7294999607882175,14.720004214766245,0,2
126,7.255458549435793,-18.101747943486362,1,2
127,5.254942499687327,-5.162256527700813,0,2
128,7.700614825759665,3.564911022686274,0,2
129,6.467783583713869,20.243843179459507,0,2
130,7.652740943505917,-1.0843668347632613,0,2
131,5.899369850942938,0.839834301041233,0,2
132,7.637912322319624,-1.081214503358459,1,2
133,5.944736008749732,9.02869907535354,1,2
134,6.147569004339111,-4.784928838057177,0,2
135,5.498309959417114,0.863708572444077,0,2
136,5.622578493228539,0.010373569620886869,0,2
137,7.276728979587138,3.624609054129141,0,2
138,5.9681427559211535,4.509181305347724,0,2
139,6.001970102487617,-5.450875499598511,0,2
140,5.376382045704596,-1.3839574518775102,0,2
141,6.809661613984824,-7.351781044008903,1,2
142,7.513243957403009,-9.199656301343776,0,2
143,5.890249237302615,-8.48951987233685,0,2
144,7.985109293976333,5.073254783475129,0,2
145,5.588593304762817,-7.9059763276998,1,2
146,5.973865058931055,-3.514029629900553,0,2
147,7.5514329664945885,5.125162300134989,0,2
148,7.219022492196711,8.14306057566893,0,2
149,7.240231508511835,-3.503806693865564,0,2
150,5.967684460792818,2.511764215121623,0,2
151,7.601661233997336,-10.59579721777743,0,2
152,6.731628822928721,7.451303999937361,0,2
153,6.408343163983535,2.6809503348837698,0,2
154,6.099432885923031,-0.37779433993076683,0,2
155,7.303172789748198,4.651082529671854,0,2
156,5.320892712689923,-2.070515037062365,0,2
157,6.393279158680052,0.0038571219161531722,0,2
158,7.249521079753824,14.371874188291994,1,2
159,8.318971943933633,12.320853101734102,0,2
160,6.966995599816734,4.6240616182544425,0,2
161,6.322843562727403,2.587409909264501,0,2
162,6.818295898988114,-2.1840468804535043,1,2
163,6.840302365441495,2.2130291434175122,1,2
164,7.596999175657725,2.3820656317142066,0,2
165,7.593567384796134,13.921768774382098,0,2
166,8.604108502231451,3.419862023770528,0,2
167,6.02641062882657,-18.745863793005885,0,2
168,4.6233684821133565,1.7033189057406815,1,2
169,4.134564549123737,13.704968750039288,1,2
170,5.731229960330229,-0.7980580066995664,0,2
171,6.439626509698784,7.858377614970595,0,2
172,7.5135829061353165,7.305137679984009,0,2
173,5.4238519919127395,1.8710334533745023,0,2
174,3.9608155999187122,10.022781630101424,0,2
175,6.197014373848331,8.175754425844689,0,2
176,6.5123923952628235,5.885733568443305,0,2
177,7.3836122728523685,7.0503402120819985,0,2
178,8.287748876637908,18.99475884538714,1,2
179,6.638275703717839,5.7142699460769935,1,2
180,6.701217062220508,-1.9301361970245123,0,2
181,5.855332565572609,4.8776852817608845,0,2
182,5.12963697731859,-9.412994990894667,0,2
183,7.266220727590231,24.419447637351954,0,2
184,6.126595405798319,7.689997950811496,0,2
185,7.6419141196792175,8.948291696253683,0,2
186,7.443453867907425,5.5699975979117955,0,2
187,7.141010241261691,0.2608612763365046,0,2
188,6.173831047247255,0.9512339048281158,0,2
189,5.467264601291335,2.9743808311341757,0,2
190,6.967056334078209,1.5397576449681925,0,2
191,7.958406179927056,-7.171684893010942,0,2
192,6.207360384021036,7.661339151700308,0,2
193,7.489297335411531,-5.496269090298662,0,2
194,8.222952828640583,16.29439077230816,0,2
195,6.177629212045199,2.6155429229528466,0,2
196,7.585524860616718,0.11545360996422493,1,2
197,6.97606070789284,7.39799598155286,0,2
198,7.322799132134755,9.871058168560413,0,2
199,7.201698320434773,6.786066651506571,1,2
200,6.091872605789424,-1.990989973298773,0,2
201,7.147885021722805,-9.941512857015859,1,2
202,5.611479969301217,0.5970943405028071,0,2
203,6.589698609407088,14.38579684121768,0,2
204,5.841976091677626,9.994865612057222,0,2
205,7.162905902437843,2.4663991501873443,1,2
206,5.452989481227598,-2.1298011343223395,0,2
207,6.231178048618208,-0.8947468492258528,0,2
208,6.815033456583051,-1.2047512843344892,0,2
209,5.929709669349422,9.275333129985288,0,2
210,8.19040067679541,1.0695221573433784,0,2
211,7.0560083012309125,5.43556669203117,0,2
212,7.147549143870265,-7.261533251482002,0,2
213,7.120440864237579,12.333379840811414,0,2
214,6.632776855009419,2.949932832853211,0,2
215,6.675294674755349,2.068779116386443,0,2
216,8.306322556070105,0.09313719226870143,0,2
217,6.276407141842457,-1.5950973268876565,1,2
218,7.070332835592117,8.753007118371315,0,2
219,5.927993821435278,4.6795131408033255,0,2
220,6.8604353930154245,0.27370827833874367,1,2
221,6.735023238117602,6.251646079532815,0,2
222,6.45695180325538,-4.505242127462592,0,2
223,7.114305377942335,0.269484681066845,0,2
224,6.986283366828711,1.2528772785864186,0,2
225,6.647620913686301,12.691868689268905,0,2
226,5.49552283610487,-4.490669046257145,0,2
227,7.564814892335772,8.390490331009435,0,2
228,5.070137770576278,-1.502300486095261,0,2
229,5.649151145564896,5.98516781379247,1,2
230,7.749660843095715,13.967858718827877,0,2
231,7.532546837813573,16.59238415812121,0,2
232,8.488837777621168,9.737809983570125,1,2
233,4.73809445382399,13.18765258263877,0,2
234,8.161361015735562,-14.422467482514488,0,2
235,6.9927432484449765,0.7352583472636045,0,2
236,6.902118218705593,1.8486896699477113,0,2
237,6.347259080804337,-5.863412036632016,1,2
238,6.223765154498471,2.4767344427731306,0,2
239,6.064242824054818,5.968404765194094,0,2
240,5.522914253077463,-6.81269585582434,0,2
241,5.62021943389751,-1.1524679931464048,0,2
242,7.437061635930036,3.650082268683976,1,2
243,5.955245717968857,2.458246267879207,0,2
244,5.699412790445233,5.949793887187722,0,2
245,6.958038043210473,18.884469462810106,1,2
246,4.718273767397631,7.584752769177127,0,2
247,4.75308666925368,-2.2878008729023778,0,2
248,8.113366189320322,-5.399979665919298,1,2
249,5.548968080635711,9.529056412069714,0,2
250,7.508117458123598,-6.637353820676551,0,2
251,8.596219954347932,12.508556773321015,0,2
252,5.559359892937579,-2.6747093625089553,0,2
253,6.341031342953153,8.330963825735974,0,2
254,6.841761784614059,-2.094312635009855,1,2
255,6.475563475368036,-6.605142165366154,0,2
256,7.21227628697821,-2.9082116888936937,0,2
257,7.963810492287328,3.165577656536767,0,2
258,6.805639631129018,-7.251483747053803,1,2
259,7.190317273868175,0.26287117389410364,0,2
260,7.905630397817404,18.323864029981735,0,2
261,6.174441342828052,0.7729745330441906,0,2
262,5.065809036644992,9.639492146302523,0,2
263,6.8748332849607126,5.971181289789676,0,2
264,6.528850361382216,10.07681213124432,0,2
265,5.475163921824735,5.96125615931168,0,2
266,6.888919179531147,-0.2654260670117736,0,2
267,7.17236895020064,-4.9201856397817005,0,2
268,5.847848497195919,0.32329419642286794,0,2
269,5.677249615824777,0.5015693754310133,0,2
270,5.13125158946748,4.460977898454195,0,2
271,7.431967822044752,-4.9760532257634145,1,2
272,6.387450695955195,-2.085086630768968,0,2
273,5.512394115788423,10.233617743878114,0,2
274,6.974891789720455,9.804286436053843,0,2
275,5.078962871559268,-9.608224801639462,0,2
276,7.157294145157588,7.331353521823086,0,2
277,6.6670476297952215,0.011424708623370528,0,2
278,7.134443841025685,1.124579272389643,0,2
279,6.55481546015378,-10.230112235494495,0,2
280,9.253335764012382,5.833981906511008,1,2
281,7.137049230551715,-0.9168939110487297,0,2
282,5.434975474093069,-9.11440068738792,0,2
283,6.348590889313952,9.157275798064395,0,2
284,7.603409316507439,-1.3343445748037457,1,2
285,7.495160003172357,10.542981044097598,1,2
286,5.801820862555584,-2.683065647123435,0,2
287,4.112992425440712,0.8537957710008528,0,2
288,7.006264482664957,6.72454923417273,0,2
289,5.9901306589469305,13.817972690375544,0,2
290,7.749528512841601,6.080841148266922,1,2
291,6.245453667013004,10.224450878491673,0,2
292,6.645820521574175,4.493001111936671,0,2
293,6.971933812860659,7.04097116605063,0,2
294,8.002625606478942,10.159039606264859,0,2
295,5.556297015769469,11.818977145041917,1,2
296,7.26432076444512,8.004195579054308,0,2
297,6.585952076765446,-9.50111125941012,0,2
298,6.91517724008811,4.033620314128097,0,2
299,4.855701214088252,21.3535348617114,0,2
300,7.158992809874082,6.167949743638059,1,2
301,8.670144899037135,5.156179093570534,0,2
302,6.771892811331711,12.493604723664316,1,2
303,7.3217834242842414,-2.6599156975143954,0,2
304,4.770793429168756,-11.62892163953224,0,2
305,7.669824018946222,8.230200175307214,0,2
306,5.474859833629429,14.824923244703523,0,2
307,5.978210889969471,6.451504496660335,0,2
308,6.867112482501373,-4.349794312001655,0,2
309,6.655659553221694,3.7972214443676346,0,2
310,7.319427973732648,6.255213650724607,0,2
311,7.6538036505872435,-2.8731689916294005,0,2
312,7.790600553619051,-0.7380772770321249,1,2
313,6.247469432418144,8.641655181528101,1,2
314,7.937584445157818,4.195790150629846,1,2
315,7.543094016205264,-6.074400022680609,0,2
316,10.108297504442458,13.428539152938562,0,2
317,7.720737788344972,8.307666113571548,0,2
318,6.3928898071830735,8.54729662816063,0,2
319,6.820828927212349,-2.917057480861053,0,2
320,6.913969460546817,6.17237185923519,1,2
321,8.597245310059803,3.819075556452185,0,2
322,8.510509472158674,2.867966808005273,1,2
323,7.031472551844872,14.798686643624706,0,2
324,7.138031666520586,-0.4834279560724424,0,2
325,7.178738008282181,-5.497378134606005,0,2
326,5.219434906814062,15.004369933767677,1,2
327,7.776945362152451,10.725269467577267,0,2
328,7.594273268512508,-8.748374338504203,0,2
329,6.599243043069343,12.958003838818453,0,2
330,6.03207682319129,-8.025601613972885,0,2
331,6.152894437010837,-5.604312844065357,1,2
332,8.71075633379695,-0.39766186569063766,0,2
333,6.328270641167549,8.75136496321765,1,2
334,7.383463307569143,10.618184607618762,0,2
335,6.325743002242878,4.9057403651955,1,2
336,6.408213280466655,0.02508536726713606,0,2
337,6.602964558226294,12.601595628127733,0,2
338,6.140820535424662,6.6636874669226565,0,2
339,5.0442828236788895,7.114907592065452,0,2
340,6.510950116179045,10.12367839621582,0,2
341,7.2115646090434655,6.323715985162625,1,2
342,6.842916073461208,9.348517332373959,0,2
343,6.459238823833626,-9.565719258266611,0,2
344,5.626183199227031,0.19949799709323424,0,2
345,7.011787964294254,1.635564909621844,1,2
346,5.787866888310013,10.421972056360325,0,2
347,6.032030387857919,18.198368651887513,0,2
348,4.794934053150942,9.081150805266196,0,2
349,7.856066960745877,5.245176252412447,0,2
350,9.555528539127357,8.291733514368403,0,2
351,7.851984106553026,-9.17630186964232,0,2
352,7.81134829962355,8.114442985980961,0,2
353,8.06911308097793,20.5532572782525,0,2
354,5.815714644277194,-4.80805157895474,0,2
355,6.66094050278587,1.0730937401112324,1,2
356,5.967875323331636,-1.1690200456095816,0,2
357,6.522010113805173,17.352332894498577,0,2
358,7.9126465941649755,7.074413760687181,0,2
359,7.127774749269214,3.914916872387562,0,2
360,6.535856059231461,4.244933364874484,0,2
361,6.437195412374844,11.957592133717576,1,2
362,5.182199422294617,3.6526198602310993,0,2
363,6.450923779827468,3.6621941182188285,0,2
364,6.953897924499749,-1.0553903521792147,0,2
365,6.38966295609199,8.9120999885536,1,2
366,7.14856034258655,7.095748703232948,1,2
367,6.955054722090827,16.61541160158313,0,2
368,5.864935086140013,-3.287746091186266,0,2
369,5.179421897002278,11.393765957475361,0,2
370,6.19552735362272,7.229961435799453,0,2
371,5.834809966083271,-4.376508311475862,0,2
372,4.417629985696781,2.504940154184136,0,2
373,6.176986376728374,-0.9126250246034333,0,2
374,6.699206027789862,-5.644177571891119,1,2
375,5.731072741972238,-7.5713473018840185,0,2
376,7.566469725164614,10.356241261190872,1,2
377,7.502588029267871,-1.748587915363693,1,2
378,7.386573689727798,7.654172149475876,0,2
379,7.558019949165699,5.732614511652969,0,2
380,6.7542804824318745,6.148514563411734,0,2
381,6.999478746706032,12.264532941313675,0,2
382,6.503129535721695,4.031219796046197,0,2
383,4.9765322689711695,-3.2127724710980035,0,2
384,6.361105278845826,3.8429699191852924,0,2
385,7.889917586099371,14.334320297757472,0,2
386,7.541775986963253,-0.7139242084794093,1,2
387,5.371022316992615,3.1867038157470855,0,2
388,6.81673768234603,3.9729754180940815,0,2
389,5.7921696233755595,-0.011316279147240316,0,2
390,6.109048119357849,16.8417619622011,1,2
391,6.615067563809308,-9.206546590115195,0,2
392,7.230986004448573,5.796456259545135,0,2
393,6.126513277707678,16.10336316926449,0,2
394,9.744314907918344,-2.52582384254203,0,2
395,8.24892839964661,6.976058845913796,1,2
396,5.98413255673757,-1.7008284702025103,0,2
397,6.171227662019664,15.635055917833672,0,2
398,7.9382606480001865,8.25320266186285,0,2
399,6.065644075894012,-5.875020541931057,0,2
400,6.942064680048738,-7.51697217689028,0,2
401,8.972006865488035,1.646456692352284,0,2
402,4.693514023028299,3.44391789259286,0,2
403,6.924307161090351,12.921789248674937,1,2
404,6.565505605805442,-1.7562821264232467,0,2
405,7.4828762721482285,15.089423127293134,0,2
406,4.580715172894223,-2.8232354164947564,0,2
407,6.9626290185422635,14.227680469580605,1,2
408,7.391803233707515,4.426701684073616,0,2
409,8.232756326121333,0.07468744666247229,0,2
410,7.024980401510944,7.983727682357001,1,2
411,5.080924702401706,-6.5823839504983175,0,2
412,6.950297991215788,-17.57174624323258,0,2
413,6.173062896615991,8.704317161657286,0,2
414,7.22869795598345,12.43135956083917,0,2
415,6.785243476429853,3.5315938757753487,1,2
416,6.65023194395765,9.28296118834944,0,2
417,8.093748967547816,4.40570711839648,0,2
418,6.606361294841104,15.29283300788136,0,2
419,8.017843624053546,-3.1575845217814402,0,2
420,5.604835899316458,20.581510271554052,0,2
421,4.973014970962159,10.64307034604797,1,2
422,7.33661288989234,-0.5192353295289109,1,2
423,7.227145194667812,-5.046291017128087,1,2
424,8.492317880512624,4.242774104710197,0,2
425,5.157576820678269,7.247583466773185,1,2
426,7.577169198153131,-5.821564079609952,0,2
427,6.824028816492711,-1.7840440704537892,0,2
428,7.273108849268505,12.723105266114985,0,2
429,5.9092047455265995,7.129141077591697,0,2
430,6.754022356176305,3.6978824108481865,0,2
0,4.153462974281477,4.121650415069838,0,3
1,4.032738195837979,7.651967814029877,0,3
2,4.516009713629022,9.200281285689776,0,3
3,3.6813621389706785,2.7740381229158855,0,3
4,3.941106125553184,11.591659827735262,0,3
5,4.173788289942405,12.55598923312818,1,3
6,3.7960918032453232,2.67296224970039,0,3
7,3.5449635422211783,6.684099969524043,1,3
8,3.616933775720035,5.246761960122253,0,3
9,3.9686243584251297,0.5945519118033049,0,3
10,3.8431308807810427,10.769618862723338,0,3
11,4.203730518573927,1.2278494798480661,0,3
12,3.6429873503148955,6.389263188728642,0,3
13,3.9837110048400475,7.826857190030254,0,3
14,3.7780979127913525,9.002729973306321,0,3
15,3.764395885952614,7.263067453511128,0,3
16,4.68134336126953,16.804380386685793,0,3
17,3.893866560576561,9.515893059625954,0,3
18,3.447345542549529,11.521616487032857,0,3
19,3.8134389295404363,2.3832287841686277,0,3
20,3.8721063751279576,11.391544476316039,0,3
21,4.006008349931258,10.515077246525525,0,3
22,4.323755278266249,5.830510661691784,0,3
23,3.8330221042894252,7.50796091350163,0,3
24,3.062378115036142,8.419500261079046,0,3
25,3.669298065711148,12.795211388409475,0,3
26,4.0645572216810635,10.663421993585303,0,3
27,4.38663752016509,6.621893393658854,0,3
28,3.7646557075719005,5.431862779557376,0,3
29,4.505979408753635,9.086942592247585,0,3
30,4.075238458364512,4.10785551567648,0,3
31,4.296650645585163,-0.7996163988132574,0,3
32,4.23778084549468,8.233415613139455,0,3
33,3.86467441038716,9.339718209404014,1,3
34,4.205418834884814,6.159155939289556,0,3
35,3.611079415142558,9.738405920798865,1,3
36,4.293473483956807,3.43035811950743,0,3
37,4.141263740685077,2.465814824841863,1,3
38,3.9554017540527355,8.668007931469052,0,3
39,3.812441842610899,4.138437550230503,0,3
40,4.360616296888887,3.814922618248522,0,3
41,3.530541473183667,4.674102834225139,0,3
42,4.381045669927575,12.546836174944179,0,3
43,3.6343766107851643,0.95922508775576,0,3
44,3.9728465216016113,1.8660030077315781,0,3
45,3.5155755050735493,8.6174494205888,0,3
46,3.8516474782204084,3.6440366762100385,1,3
47,3.7131576024860093,6.446499926106169,0,3
48,3.84898776550528,11.32222134897376,0,3
49,4.087629149044155,1.5168528747597874,0,3
50,4.465324953362295,0.6997063575595357,0,3
51,3.61104491908718,6.34324129103922,0,3
52,3.5546315285692005,7.546799941868958,0,3
53,4.387969351799026,8.849023020537008,0,3
54,4.065958419815914,7.234625934646807,0,3
55,4.274552278700516,3.4904609256526853,0,3
56,3.879970230498349,2.862809442169829,0,3
57,4.100362389813013,6.788043700781954,0,3
58,3.9659311622006816,5.57804186587525,0,3
59,4.476002383540538,8.409846155920471,0,3
60,3.9366136644915057,-2.358164331550718,0,3
61,3.36981921906895,6.669378999631202,0,3
62,4.162631639100032,3.5093096881858843,0,3
63,3.764663616721967,4.587965808467777,1,3
64,3.773900529435714,9.400128759092832,0,3
65,4.186073647500508,1.7366186519318854,0,3
66,3.4673297473482325,4.391602825442319,0,3
67,3.955137342864302,5.788220775385812,0,3
68,4.426381212766369,-1.3585536828726745,0,3
69,4.064916353444411,12.41439194160481,0,3
70,4.388518349664888,1.818582160738706,0,3
71,3.773952212909563,5.041495428622625,0,3
72,4.08856426217543,11.934616139184643,1,3
73,3.8511045689326173,5.642905738427872,1,3
74,4.208005031894228,13.40370007434118,1,3
75,4.159288077830127,3.4559018525549927,0,3
76,4.517244244756539,11.058911266870755,1,3
77,4.515802593759132,3.6636563598028706,0,3
78,3.7113742659792694,8.137511672200532,0,3
79,3.226774914695202,12.054766323891167,0,3
80,3.4991202079752224,8.515892783341922,0,3
81,4.332739516130542,1.967711149324182,1,3
82,3.922230036179527,10.745525293899075,0,3
83,4.8118667307047,1.7920445601548378,0,3
84,4.155830374435539,12.119311200483379,0,3
85,3.6723620828200354,3.8906423446174028,0,3
86,3.7343266967365416,2.1765770417041894,1,3
87,3.93537928769615,9.641761211946754,0,3
88,4.320280703790068,9.606132057371779,1,3
89,4.070657226160173,7.39285354700817,0,3
90,3.879857643341044,4.57286387619967,0,3
91,4.023943524415503,8.442735822395303,0,3
92,3.629195843294274,4.264311798903536,0,3
93,3.7746675728323433,8.106925430206914,0,3
94,3.866306035806657,3.5427736535108956,1,3
95,4.257488131256849,8.208479284047662,1,3
96,3.4904961114468973,5.5611491651854745,1,3
97,4.404853456931851,12.970658820273146,0,3
98,4.510520061738271,-0.03318705157223878,0,3
99,4.064595823834398,6.558523410859235,0,3
100,4.028171254100775,5.724959972489984,0,3
101,3.6731920148416517,5.383206417585872,0,3
102,3.879041501949199,5.03694041300791,1,3
103,3.9172315849039903,5.211005971643114,0,3
104,4.005138908263211,5.3510175873950505,0,3
105,3.9987423336072783,6.261440083916554,0,3
106,3.985999653756015,15.889835991727198,0,3
107,3.991281959494664,15.218771065395979,1,3
108,3.50190834958842,6.772159668348544,0,3
109,3.6896199551400155,8.352830233322024,0,3
110,3.8959275061734244,3.039769745067157,0,3
111,4.30837996846141,5.833498271317093,0,3
112,4.376388097561652,4.720473304220784,0,3
113,4.193074247330963,11.684786372279103,0,3
114,4.2559815608979905,13.366955250608143,0,3
115,3.8383274980575943,10.070687259262039,1,3
116,3.4113986049868834,6.784971654540354,0,3
117,3.860297231304301,9.229888483330994,0,3
118,3.6003985318136134,6.364757961663472,0,3
119,3.5085367222559203,11.840105200340005,0,3
120,3.4032109217595665,8.39482752237504,0,3
121,3.6229542929562815,-1.032618503464045,1,3
122,3.8883761557067706,5.729861467381685,0,3
123,3.9919155286611745,6.844258447945729,0,3
124,3.5160308261770354,4.651140608930162,0,3
125,3.6164274911586642,2.2357376089532712,0,3
126,4.22186110794673,13.367901519824745,0,3
127,3.754900399137308,4.469038762811895,0,3
128,4.135770432881932,12.202585529585772,1,3
129,3.449511123520901,5.239718348831379,1,3
130,3.6795199207429574,7.739044775572899,0,3
131,3.6263519805785314,4.399549035675981,0,3
132,3.9560551271133697,7.776197307841311,0,3
133,4.096976008292155,7.956023762042101,0,3
134,3.8991432853358012,10.418298621804327,0,3
135,3.8388851767008236,7.7517029923696885,0,3
136,4.157563841943048,9.376439595038889,0,3
137,4.2061359800909415,5.654087549744173,0,3
138,3.748574122084435,7.457090447335013,0,3
139,4.116104805256324,6.334240759766494,1,3
140,3.6834605053228193,5.401838092886299,0,3
141,3.789001879498341,0.7582315060793281,0,3
142,3.679619817353823,3.7175998276884954,0,3
143,3.940179396243948,6.543867829814779,0,3
144,3.9555004399891156,3.9955449827257747,1,3
145,4.224046503388822,8.334060488367502,0,3
146,4.174577449217034,10.961068661005989,0,3
147,4.271589385960306,11.477192541087184,0,3
148,3.618592449319526,14.650715134211929,0,3
149,3.8601032268117543,7.6338428940161185,0,3
150,3.951397950972941,9.90079797335033,0,3
151,4.016530948127134,7.061821284341429,0,3
152,4.087861759370696,3.8233531211603475,0,3
153,3.8879519013549357,5.800810996930761,0,3
154,4.034315985531687,8.181303884524782,1,3
155,4.261327697618906,3.2113060575610173,1,3
156,3.919937874692181,7.65159820669942,0,3
157,3.6457799138572806,8.912471641452322,1,3
158,3.4693690051572195,5.558128224960843,0,3
159,3.766064510816346,0.6807937454525943,1,3
160,3.812734434036833,1.7080533655582606,0,3
161,3.197808148016465,10.684613699929459,1,3
162,4.089659075460046,9.306012361253313,0,3
163,4.085816381842121,5.618986188163671,1,3
164,3.4261690052613325,6.746488572215497,0,3
165,3.6997116362776623,8.524424497451419,0,3
166,3.9371759870574334,8.420351931068135,0,3
167,3.9243974292328536,5.778568352842877,0,3
168,4.178956850632973,6.344274730299414,0,3
169,3.7804379891899944,7.25344930262711,0,3
170,3.7448198814502773,15.779988117890333,0,3
171,4.027234356413698,3.023235004942977,1,3
172,3.530859402063,1.0069263448434729,0,3
173,3.6944260141601064,11.384363717763073,0,3
174,3.930206983036851,11.040700899748973,0,3
175,3.7359218744264138,5.476463797816409,0,3
176,4.4395368499052195,4.379324322330437,0,3
177,4.10887195439718,8.320666159092331,0,3
178,4.150946723324574,8.979062776829243,0,3
179,4.230673153611455,12.079521881164684,0,3
180,3.9904537540720533,4.598335669832972,0,3
181,4.252090796772133,6.712432068072824,0,3
182,3.5958830266154416,6.119681281401935,0,3
183,3.5343255219710663,10.384220928555681,0,3
184,3.3910041801066027,6.911191520975116,0,3
185,4.222648719928115,6.518344144638,0,3
186,3.6445648316368855,10.905015463862751,0,3
187,4.836409923347965,11.792633020219219,0,3
188,4.268829078647059,1.5924111304532502,0,3
189,4.0636806155397185,7.785749170109157,0,3
190,3.936551708812271,7.487058133044456,0,3
191,3.7571019932948606,4.255913962963891,0,3
192,3.677892467985096,12.126072504841986,0,3
193,3.6485441844381246,0.3465483607549924,1,3
194,3.8536835304612294,15.444079693174666,1,3
195,3.620125372823644,5.031634318035204,0,3
196,4.193400735492045,0.6822456689838834,0,3
197,4.012097383023987,7.806888059104615,0,3
198,4.303736191884603,-0.24822556121459094,0,3
199,4.563038061096148,-0.1539589136592232,0,3
200,3.6790814093440942,9.611093135235455,1,3
201,3.969910206000555,8.826381758500716,0,3
202,3.976570891750419,9.432423155261226,0,3
203,4.050446042813162,-3.349757908300896,0,3
204,4.003267686303348,7.121302527504411,0,3
205,3.9691890446044784,6.729403315718112,1,3
206,3.2731232374948256,6.217134091086229,0,3
207,3.862500223989454,9.092066270755941,1,3
208,3.6901279580250197,11.164386175979285,0,3
209,3.3814276128443175,2.9948244626686478,0,3
210,3.903614833181944,4.761278378918025,1,3
211,3.5836411616023867,2.2267522720978903,0,3
212,3.976353880639029,8.295933918592503,1,3
213,4.194446403603209,10.270232686599986,0,3
214,3.7145322044094184,3.4656793204633747,0,3
215,4.255983350199896,9.777296391511836,0,3
216,4.1786900463105425,5.494870507345192,0,3
217,4.118967300730389,6.300444268533759,0,3
218,3.6639665398331434,2.5885761896209933,0,3
219,3.5802875592523447,5.032374863198036,1,3
220,3.8840834303321983,9.515110141422989,0,3
221,3.6722666364774934,6.7166892167093915,0,3
222,4.278708807151071,14.31026001789585,0,3
223,4.143992489552344,0.9471294329093123,0,3
224,4.063246845372581,3.7799977286130844,0,3
225,3.5916302234864057,10.20564735807858,0,3
226,4.078720343246165,7.2215829121319794,0,3
227,3.0883129153214006,13.493583259063337,1,3
228,3.8221698221763516,5.941519014787821,1,3
229,4.063330818053183,4.887636098385963,0,3
230,4.393767229311891,4.37624506118314,1,3
231,3.600798988233291,8.28992655222971,1,3
232,4.468578456096543,8.825293279402356,0,3
233,3.750735543269733,6.879456443259641,0,3
234,3.706264148946879,8.158351661947476,0,3
235,3.6817337165103674,11.771234034524046,0,3
236,3.8586933727199293,6.603700994192514,0,3
237,3.431021754688049,6.021710893313821,0,3
238,3.60300721388063,6.217387897751152,1,3
239,3.7069237559192794,5.324108469874949,0,3
240,3.4565386641327986,14.765830922151691,0,3
241,3.5588626769585248,8.78577538463388,0,3
242,4.219035528405314,12.298723903939734,0,3
243,3.8141305743934075,5.611600663960463,0,3
244,3.6527782097124013,13.932167717068259,0,3
245,4.18054845872838,8.885188407814667,0,3
246,4.01213877320918,11.617859485014037,0,3
247,4.107922464721294,4.6813462809129085,0,3
248,3.8904661362916313,6.607490813044604,0,3
249,3.3600977561679413,1.6450040550021807,0,3
250,4.5015555210922376,8.319180100418508,1,3
251,3.7824836119670033,6.459619544314264,0,3
252,3.8966238164629394,9.188496023896848,0,3
253,3.6020402336798973,2.562148429462254,1,3
254,4.237266101891472,11.539936706162635,0,3
255,4.300023715715268,3.1839066229472803,1,3
256,3.8400225049806527,5.577743376833251,0,3
257,4.091162222249632,3.517937028844205,1,3
258,4.220158984969192,8.192882347720998,0,3
259,3.4645254783158137,8.888501953535146,0,3
260,3.787933654575927,9.748352544766208,0,3
261,3.8046768572837317,4.762763077632366,0,3
262,3.575327552102456,4.946014285855524,1,3
263,3.747026603736408,8.286485915618986,0,3
264,4.188376342360836,8.954923245644729,0,3
265,4.404748026413868,10.261720541141969,1,3
266,4.20598362993284,2.0345080384360283,0,3
267,4.566217597614209,10.63723335641058,0,3
268,3.928836009170269,2.5170346131753787,1,3
269,3.9232113893701555,4.728985659758736,1,3
270,4.346020256572509,8.222531698459102,1,3
271,3.8334306344127134,5.107348997897808,0,3
272,3.723591840598429,4.078720168413618,0,3
273,3.5623792333779574,6.6326816907451835,1,3
274,3.5295039321877733,7.6035369597989195,0,3
275,4.152605619264767,16.865604926827363,0,3
276,3.946238065609448,7.96490974328345,0,3
277,3.6809274411138793,3.3196015033380775,1,3
278,4.274216450828735,3.1831842276818945,0,3
279,3.7461006938631103,3.6656439694049987,0,3
280,4.162171808017704,3.958033421891974,0,3
281,3.5546874679126352,8.242604469008329,0,3
282,3.7416551466544012,-1.035621638589861,0,3
283,3.9611586977247604,-3.131134698692181,0,3
284,4.6600609094186245,14.123203745375895,1,3
285,2.9406850391159183,10.137936433874682,0,3
286,3.7604724850366567,9.79178867492601,0,3
287,3.531819263238157,6.610736268649452,0,3
288,3.9619546049884335,4.466338624133623,1,3
289,3.630329324925335,0.160681879982425,0,3
290,3.6781533424591144,11.843299434401933,1,3
291,3.944484629122806,4.133835622602966,1,3
292,3.5900112869767526,5.056695360596059,0,3
293,3.805381837722253,4.546782389068062,0,3
294,3.182517211288979,10.907807153939277,0,3
295,4.547519261763932,1.9222149304983516,0,3
296,4.116562002049721,7.622397838216427,0,3
297,3.866010667965967,5.724992761314496,0,3
298,3.4015788900434143,1.5721764128157192,0,3
299,3.902379926061068,8.078326804641879,0,3
300,3.149880461015595,0.8489206124121802,1,3
301,3.619944316491708,10.394219310228895,0,3
302,4.317203773753083,9.861071196581054,1,3
303,4.220676693069643,5.712425763947907,0,3
304,3.924482667860477,8.349033956510958,0,3
305,3.7336083976904866,6.143120028548166,1,3
306,3.8450718160651527,6.3640601212578956,0,3
307,4.058947792620246,9.99041026869404,0,3
308,4.040447637023654,6.867665556128206,1,3
309,3.528471317920178,3.447604206262768,0,3
310,3.2876502845412388,6.619120686762154,0,3
311,4.074775239877517,2.4153464038537544,0,3
312,3.543891287991742,3.546396038353942,1,3
313,4.0987444492291285,4.86085310730275,1,3
314,3.755839564411988,5.177650900506953,0,3
315,4.482748343900091,5.603025282143548,1,3
316,3.6428016060706163,5.366746034636274,0,3
317,3.9853044762047167,2.8345210813686625,0,3
318,4.091165159679154,9.219376194985053,0,3
319,4.117031486185827,9.766279164901182,0,3
320,4.284292702948602,3.2701128244285846,0,3
321,3.603992248689716,1.679415790846429,1,3
322,3.9878276918106397,1.7880890529753009,0,3
323,4.157456585411345,6.80544692686479,0,3
324,4.089331616325413,6.772956927987146,0,3
325,3.661505211356655,10.724544540793637,0,3
326,4.054044747585013,9.096984843539373,0,3
327,4.102402745145568,3.947126290645441,0,3
328,4.327035538307848,6.868680326675957,0,3
329,4.100878010021547,8.296036424298356,1,3
330,3.7278403105094005,10.593484661292926,0,3
331,3.842999568783177,7.267625153503804,0,3
332,3.4764479180892094,3.6826586604359464,0,3
333,3.7995056438917705,6.1960201117791,0,3
334,3.654485597832466,6.991174682712436,0,3
335,3.7478840185190867,2.546160159654139,0,3
336,3.870260580053504,10.609035136568112,1,3
337,3.8933198600432877,8.325954802616112,1,3
338,3.3529458991541556,4.961729344233463,0,3
339,4.24336351426466,2.814902276576385,0,3
340,3.9870373697979367,4.071461961926355,0,3
341,4.019827176987804,6.200395484014512,1,3
342,4.047691879619146,10.203129884809048,1,3
343,3.786009448502579,7.776572087166935,0,3
344,4.054023995752615,1.3209589292021766,1,3
345,3.708897269262499,5.174755108511423,0,3
346,3.7413760193722774,3.172943468689191,1,3
347,4.052602315660025,1.0038932618512622,0,3
348,3.755751788933497,10.409828951931807,0,3
349,3.5204416118933826,5.201859817732274,0,3
350,3.8722940322598776,5.581819403499773,0,3
351,3.436282361567798,9.470611188544368,1,3
352,3.745130387473301,12.137310221015866,0,3
353,3.830556768384272,5.808827465787023,0,3
354,4.003547522407919,8.546011187393727,0,3
355,4.264124132896263,14.253349769522927,0,3
356,4.656412961797307,-3.6452806590243814,0,3
357,4.329773831352068,4.382599635020661,0,3
358,4.090540180282707,10.6274977824936,0,3
359,3.921621655015885,0.03587502668350506,0,3
360,3.9124338420577565,11.482805583985726,0,3
361,4.23746987348483,-1.8543595238020245,0,3
362,3.2832361432971773,11.648778851712077,0,3
363,4.28015231367103,8.722798080601173,0,3
364,3.947567727542254,7.178564209351693,0,3
365,3.5029258348300645,2.1208211913605846,0,3
366,3.785916020466114,3.0494787473393496,0,3
367,4.4024601579272185,12.216827976956548,0,3
368,3.6989462190068934,9.07058424510354,1,3
369,4.016046915821843,8.815066851675148,0,3
370,3.484353862320405,7.764459331723067,0,3
371,3.437005694835531,3.0500875189351535,1,3
372,4.695554749636882,6.568293376042467,0,3
373,4.02499251860639,12.530605822357618,0,3
374,4.092944672979449,4.588498485689344,0,3
375,4.276457819968327,4.025914637061137,0,3
376,4.18308626780693,14.325782013994127,1,3
377,4.255471125231029,6.899533077555099,0,3
378,4.749928506399469,4.043442170801191,0,3
379,3.9072880804469414,4.607196079534718,0,3
380,4.093402724996692,11.494804700180175,0,3
381,3.7972924273731588,2.2739759157003308,0,3
382,4.381921651223848,6.154507181866546,0,3
383,4.307978246347355,6.270872303428112,0,3
384,4.249422340308604,10.082110056771672,1,3
385,4.509932995182932,7.058926519717511,0,3
386,3.81800475220739,10.271492193018265,0,3
387,3.873569822384807,13.415549123365235,0,3
388,3.860625457947822,1.766868155753314,1,3
389,3.390846767915963,4.648462261280258,0,3
390,3.512812785945031,12.954744826145209,0,3
391,4.1550244230898645,8.410729150175598,0,3
392,4.117260955678548,5.073417024914859,0,3
393,4.269523284687331,7.050520801985107,0,3
394,4.404066943717396,7.115106754491357,1,3
395,4.004497250195032,-0.015417557062162857,1,3
396,3.6766245962949906,-0.3563430284299285,0,3
397,3.92350666327841,2.777633517698413,0,3
398,4.347183392351076,13.226231244886888,1,3
399,4.036754439518445,5.585015537947935,0,3
400,3.8521091921798623,14.144493728833119,0,3
401,4.29427743590828,6.618170271760194,0,3
402,3.989003176232737,0.055477498973384165,0,3
403,4.001744459208273,-3.3373420501062405,0,3
404,3.613689619248141,3.3890972711716847,1,3
405,3.350532850769269,4.929686985759148,1,3
406,3.531227590354147,3.6273683443237332,0,3
407,4.175859303333774,2.4182293428902435,1,3
408,3.6353648534304397,5.150385675558795,0,3
409,4.011683527403926,7.897225928073058,0,3
410,3.948944362348182,9.235562698281935,0,3
411,3.444055836787136,10.940442006075878,0,3
412,4.287526121110077,8.976905713511588,0,3
413,3.410076216367567,1.2329300048709433,0,3
414,3.899614049775078,5.137088489812056,0,3
415,3.9960878039472596,8.429093996449366,1,3
416,3.735852931753181,13.005276504954718,0,3
417,4.116625680990186,7.2386269088239485,1,3
418,4.724816237303858,-0.7107740188480598,1,3
419,4.1249584929418655,10.746477302264209,0,3
420,4.406977346906443,4.758195231058865,0,3
421,3.7349029227127777,3.1390154638181893,0,3
422,3.6146079831539364,8.10704584535122,0,3
423,3.9330270985969324,7.911335515021842,1,3
424,3.7608038256443925,5.854005182628694,0,3
425,4.214256789814106,10.644391388188332,1,3
426,4.391204691548872,15.463146261623697,0,3
427,4.339370680126013,8.208677597569839,0,3
428,4.066790428561918,4.664537189955849,0,3
429,3.7250259502951364,11.005440920116976,0,3
430,3.6275036016206053,3.5556277211310627,0,3
431,4.088668726651404,10.183740811274511,0,3
432,3.8132922006362646,8.694438976499212,1,3
433,3.760088216808749,6.486466898224906,0,3
434,4.238614942606216,9.434489053797831,0,3
435,4.091992882142789,6.984617942948662,0,3
436,3.8219929820351304,7.289304240405213,0,3
437,3.7298572448575023,8.778197034036555,1,3
438,4.076892424683081,9.475747393981692,0,3
439,4.162054231913055,9.59466662068592,0,3
440,3.8937831426718676,6.974088125122994,0,3
441,4.273913568570633,4.045209833367518,1,3
442,4.043470698708383,10.647241611766916,0,3
443,3.6163261768381734,5.168728837490176,1,3
444,4.124835912142153,2.039266895744637,0,3
445,4.043050586752853,10.572087640784376,0,3
446,3.7353020380329633,4.176370583837292,0,3
447,3.586738439653549,0.8558856042910703,1,3
448,4.072500609071299,4.071784869250154,0,3
449,3.7142009771878874,7.108466612884938,0,3
450,3.993043874780486,9.069468937685203,0,3
451,3.936306567897001,8.1796171276896,0,3
452,3.7969939884572774,10.722322437855887,0,3
453,4.03171637448719,7.410642643978557,0,3
454,3.8888720339260696,14.77980630590551,0,3
455,3.9646743397317614,1.9972187884906338,0,3
456,3.554736050429078,8.654145448870068,0,3
457,4.318485199148464,5.540620773803099,1,3
458,3.49335323305824,4.614296456199654,0,3
459,3.9777152670563702,10.540911685305174,1,3
460,3.496140505622943,1.656080647760506,0,3
461,4.201977718066454,7.103278007790377,0,3
462,3.4883245019156166,10.841224189786143,1,3
463,3.657942129733925,4.5421660418910506,0,3
464,4.102189455137292,8.037485349240454,0,3
465,4.050659925653811,11.156465161221389,0,3
466,4.299048625833151,11.589582444598474,0,3
467,4.016552205961743,4.596901804733076,0,3
468,3.9202395853791754,6.351576153978194,0,3
469,4.371886727663687,7.262874087969901,0,3
470,3.6640798269100077,8.988736260041634,0,3
471,4.28311211776378,4.182423869668172,0,3
472,3.5022254126194974,3.389607352947472,0,3
473,3.79803329007934,6.476203229944166,0,3
474,4.114711794513991,5.383212220685205,0,3
475,3.6823282251146443,7.501292956364894,0,3
476,3.898174854947577,4.011205248860698,1,3
477,2.919104113396748,5.234508642347704,0,3
478,3.2816039601051012,9.192389497437611,0,3
479,3.4401858867143664,6.43510289211908,0,3
480,3.97133093320547,5.90535932187291,0,3
481,3.7856063171005565,2.6254330752496404,0,3
482,3.8437769160824082,-0.48713550446022147,0,3
483,3.4898855250871064,8.10012650075725,0,3
484,3.641211886109938,3.5826171017324544,0,3
485,3.7512221170147355,12.368578461407841,0,3
486,3.6236307963813177,9.385572893844529,1,3
487,3.7207579104634805,2.2994915198468826,1,3
488,4.049321453758127,7.5611073851909705,0,3
489,3.669802350433905,9.82996438871622,0,3
490,3.9176381511334144,6.779298809025476,0,3
491,4.001590416027319,9.487019191944144,1,3
492,3.846922037797079,5.34140199853196,0,3
493,4.250148041885185,5.509726883068453,0,3
494,4.040936579435754,3.709004932287807,1,3
495,3.8546777762536375,7.183926843550873,0,3
496,4.199789935088434,12.059775326253307,0,3
497,3.713843369665538,6.660940813463486,0,3
498,3.957639255083586,12.936699280475958,0,3
499,3.8311677349102293,3.9127902955435543,0,3
500,3.437083086057758,6.462573841682292,1,3
501,4.01804564798123,12.893910950047136,0,3
502,4.25703231510005,3.951463647066962,0,3
503,3.8007953384059907,7.830948726919172,0,3
504,3.527434817688142,9.758964889909544,0,3
505,3.8353237921281447,4.230824005272687,0,3
506,3.9791753853794405,6.01012397379614,0,3
507,4.219630070311008,2.9616163895794747,0,3
508,4.284778865306091,5.5591650507702015,0,3
509,4.076848679951723,5.63064041710502,0,3
510,4.476093761441576,8.974287296840885,0,3
511,3.988987204669278,6.367414200706872,1,3
512,3.730039156167455,11.2909865414397,0,3
513,4.227649063863859,9.970733758252603,0,3
514,4.666800517047337,11.574196835697723,0,3
515,3.4279333749061363,8.073210148423177,0,3
516,4.019281459123065,6.532204723505863,1,3
517,3.573994424251983,8.474804174656244,0,3
518,4.369283175403832,7.910661674257263,0,3
519,3.513805146136069,13.487899549868047,0,3
520,3.6740213697580795,4.390337444595572,0,3
521,3.743541223074434,11.077149047997077,0,3
522,4.1357192364714015,6.131381851909756,0,3
523,4.511261877448211,7.615992119925876,0,3
524,3.574698418850053,8.388863921575705,0,3
525,3.950284134710831,9.428970960126623,1,3
526,4.2994671071933155,1.5076927258372912,0,3
527,3.7965359169659973,2.684862737048765,0,3
528,3.868870971433636,5.794136636275516,0,3
529,4.513240650953894,5.31663593287324,0,3
530,3.7098007969469307,12.993892906146051,0,3
531,4.192739379597173,1.9251327292368456,0,3
532,3.681532386653184,8.759872482060938,1,3
533,3.510618801460774,10.00036320557086,0,3
534,3.865165599367255,2.449027923282933,0,3
535,4.022499221269781,6.413709222787289,0,3
536,3.6270952946058843,6.440617609779753,0,3
537,3.3575392257639827,1.742979761224774,0,3
538,3.8207981703532425,1.9665299758523576,0,3
539,4.092396107306044,12.038092265645243,0,3
540,3.8620547812324904,8.034500352122404,1,3
541,4.111634795024622,2.50739673955683,0,3
542,4.210711621477186,10.687076479325956,0,3
543,4.1293241042225315,2.331445005522359,0,3
544,3.9203790657623503,11.481986358396469,0,3
545,4.157193963397165,9.46465817118423,1,3
546,3.870685103068485,6.118420204089898,0,3
547,3.8028122645774123,7.533558854046741,1,3
548,3.9542566418554603,10.929022343304926,1,3
549,3.5464118117526713,0.7978160861300276,1,3
550,3.9326604626356207,6.203359651099795,0,3
551,3.965613526157263,10.292176719789055,0,3
552,3.858528455499066,5.0916073528336465,0,3
553,3.377905543721875,4.36526280745029,0,3
554,3.8425090364762893,9.223112208097646,0,3
555,4.356183000076328,10.416470904297025,0,3
556,3.2960448420404274,8.058407874062247,0,3
557,3.780107941750695,6.6427520570169705,0,3
558,3.6303509077594414,3.650428448693792,0,3
559,3.5005757233668104,7.656859621833212,0,3
560,3.896688399860924,9.095064499669036,0,3
561,3.5903809050296944,3.7275990241270187,0,3
562,3.9719907232977607,2.4785078377276575,0,3
563,3.9909413477353004,14.261558615695307,0,3
564,3.764707711337737,5.552124709588729,0,3
565,3.8201170538111233,4.971246902930641,1,3
566,4.027658562110065,-2.3382703092346038,0,3
567,3.6664435090009646,3.4431751792787764,0,3
568,4.013672702172351,3.149794313175685,0,3
569,4.3296378993106375,5.700084043522056,0,3
570,3.4950591089894956,2.8852265809369246,0,3
571,3.840245856376164,7.60157974793924,0,3
572,4.181930043353708,0.6237063890458012,0,3
573,4.008445160404128,9.076398793379653,0,3
574,4.499969398255089,11.422703980443098,0,3
575,4.283028129976194,5.789251772489003,1,3
576,3.8952526404085965,5.29434380352595,0,3
577,4.019739186872669,9.091456416876682,0,3
578,3.610067271044698,9.680289196038675,0,3
579,4.1051388623098655,2.1240385718786756,0,3
580,4.144200527919003,13.360858605860258,0,3
581,3.505526685772047,3.6406525310950757,0,3
582,3.3921133042544507,7.897178779266208,1,3
583,4.3887903189571045,2.3043192407507886,0,3
584,3.1489556012457913,2.081845780254131,0,3
585,3.9754932094667566,6.9746036227445565,0,3
586,3.8400807782600554,5.176415947250642,0,3
587,4.039848111204654,10.565593303363451,0,3
588,4.152925846052137,7.033786130014939,0,3
